date,securities_code,securities_name,dividend_year,P/E_ratio,Fiscal_year_quarter
2021-11-05,1101,台泥,7.00,11.83,110/2,
2021-11-05,1102,亞泥,7.72,8.87,110/2,
2021-11-05,1103,嘉泥,6.91,8.44,110/2,
2021-11-05,1104,環泥,5.26,10.50,110/2,
2021-11-05,1108,幸福,5.74,16.49,110/2,
2021-11-05,1109,信大,7.21,6.28,110/2,
2021-11-05,1110,東泥,0.54,123.00,110/2,
2021-11-05,1201,味全,2.36,18.60,110/2,
2021-11-05,1203,味王,3.35,16.82,110/2,
2021-11-05,1210,大成,5.61,14.34,110/2,
2021-11-05,1213,大飲,0.00,-,110/2,
2021-11-05,1215,卜蜂,5.60,12.39,110/2,
2021-11-05,1216,統一,4.02,17.75,110/2,
2021-11-05,1217,愛之味,0.00,14.93,110/2,
2021-11-05,1218,泰山,5.15,16.59,110/2,
2021-11-05,1219,福壽,4.66,12.40,110/2,
2021-11-05,1220,台榮,6.39,11.86,110/2,
2021-11-05,1225,福懋油,2.83,20.16,110/2,
2021-11-05,1227,佳格,4.72,16.01,110/2,
2021-11-05,1229,聯華,4.71,15.87,110/2,
2021-11-05,1231,聯華食,3.86,17.11,110/3,
2021-11-05,1232,大統益,3.76,19.36,110/3,
2021-11-05,1233,天仁,2.41,66.50,110/2,
2021-11-05,1234,黑松,5.10,20.06,110/3,
2021-11-05,1235,興泰,3.39,105.48,110/2,
2021-11-05,1236,宏亞,1.42,56.20,110/2,
2021-11-05,1256,鮮活果汁-KY,3.23,12.69,110/2,
2021-11-05,1301,台塑,2.24,12.10,110/2,
2021-11-05,1303,南亞,2.83,10.65,110/2,
2021-11-05,1304,台聚,2.92,8.24,110/2,
2021-11-05,1305,華夏,6.23,7.42,110/3,
2021-11-05,1307,三芳,2.31,18.95,110/2,
2021-11-05,1308,亞聚,3.55,10.38,110/2,
2021-11-05,1309,台達化,8.52,4.89,110/2,
2021-11-05,1310,台苯,2.74,10.20,110/2,
2021-11-05,1312,國喬,0.36,3.64,110/2,
2021-11-05,1313,聯成,4.50,6.77,110/3,
2021-11-05,1314,中石化,0.00,17.12,110/2,
2021-11-05,1315,達新,12.97,-,110/2,
2021-11-05,1316,上曜,0.00,31.86,110/2,
2021-11-05,1319,東陽,2.37,23.57,110/2,
2021-11-05,1321,大洋,3.03,15.23,110/2,
2021-11-05,1323,永裕,4.51,11.83,110/2,
2021-11-05,1324,地球,2.73,157.14,110/2,
2021-11-05,1325,恆大,29.41,2.27,110/2,
2021-11-05,1326,台化,3.11,10.56,110/3,
2021-11-05,1337,再生-KY,0.00,-,110/2,
2021-11-05,1338,廣華-KY,7.15,9.75,110/2,
2021-11-05,1339,昭輝,5.85,20.73,110/2,
2021-11-05,1340,勝悅-KY,0.00,-,110/2,
2021-11-05,1341,富林-KY,8.75,8.38,110/2,
2021-11-05,1342,八貫,4.83,16.29,110/2,
2021-11-05,1402,遠東新,4.59,14.85,110/2,
2021-11-05,1409,新纖,5.67,9.80,110/2,
2021-11-05,1410,南染,2.52,31.32,110/2,
2021-11-05,1413,宏洲,0.00,-,110/2,
2021-11-05,1414,東和,1.49,33.50,110/2,
2021-11-05,1416,廣豐,4.44,-,110/2,
2021-11-05,1417,嘉裕,2.14,-,110/2,
2021-11-05,1418,東華,0.00,-,110/2,
2021-11-05,1419,新紡,2.41,28.62,110/2,
2021-11-05,1423,利華,10.00,4.09,110/2,
2021-11-05,1432,大魯閣,0.00,-,110/2,
2021-11-05,1434,福懋,3.37,23.95,110/3,
2021-11-05,1435,中福,0.00,-,110/2,
2021-11-05,1436,華友聯,3.94,8.88,110/2,
2021-11-05,1437,勤益控,2.78,11.20,110/3,
2021-11-05,1438,三地開發,0.00,-,110/2,
2021-11-05,1439,中和,0.00,-,110/2,
2021-11-05,1440,南紡,1.49,12.39,110/2,
2021-11-05,1441,大東,0.00,-,110/2,
2021-11-05,1442,名軒,2.00,32.40,110/2,
2021-11-05,1443,立益,0.00,52.42,110/2,
2021-11-05,1444,力麗,0.00,388.33,110/2,
2021-11-05,1445,大宇,1.37,-,110/2,
2021-11-05,1446,宏和,0.96,107.59,110/2,
2021-11-05,1447,力鵬,0.00,44.58,110/2,
2021-11-05,1449,佳和,0.00,17.24,110/2,
2021-11-05,1451,年興,2.82,106.25,110/2,
2021-11-05,1452,宏益,2.97,8.79,110/3,
2021-11-05,1453,大將,0.00,28.19,110/2,
2021-11-05,1454,台富,1.93,-,110/2,
2021-11-05,1455,集盛,1.70,8.33,110/3,
2021-11-05,1456,怡華,0.00,5.22,110/2,
2021-11-05,1457,宜進,8.50,12.34,110/2,
2021-11-05,1459,聯發,0.00,10.74,110/2,
2021-11-05,1460,宏遠,0.00,-,110/2,
2021-11-05,1463,強盛,2.17,41.97,110/2,
2021-11-05,1464,得力,1.90,105.33,110/2,
2021-11-05,1465,偉全,2.42,-,110/2,
2021-11-05,1466,聚隆,0.00,9.24,110/2,
2021-11-05,1467,南緯,5.11,6.88,110/2,
2021-11-05,1468,昶和,0.00,59.77,110/2,
2021-11-05,1470,大統新創,2.26,25.14,110/2,
2021-11-05,1471,首利,0.00,2.97,110/2,
2021-11-05,1472,三洋實業,0.00,-,110/2,
2021-11-05,1473,台南,1.11,-,110/2,
2021-11-05,1474,弘裕,2.61,11.25,110/2,
2021-11-05,1475,業旺,0.00,163.33,110/2,
2021-11-05,1476,儒鴻,1.82,30.51,110/3,
2021-11-05,1477,聚陽,3.42,22.96,110/3,
2021-11-05,1503,士電,3.07,15.54,110/2,
2021-11-05,1504,東元,3.79,15.48,110/2,
2021-11-05,1506,正道,0.00,-,110/2,
2021-11-05,1507,永大,2.95,20.87,110/2,
2021-11-05,1512,瑞利,0.00,-,110/2,
2021-11-05,1513,中興電,5.33,9.23,110/2,
2021-11-05,1514,亞力,5.06,15.59,110/2,
2021-11-05,1515,力山,5.47,10.36,110/3,
2021-11-05,1516,川飛,3.26,22.55,110/3,
2021-11-05,1517,利奇,1.31,13.02,110/3,
2021-11-05,1519,華城,3.50,24.09,110/2,
2021-11-05,1521,大億,3.00,24.52,110/2,
2021-11-05,1522,堤維西,2.98,23.16,110/2,
2021-11-05,1524,耿鼎,2.10,32.26,110/3,
2021-11-05,1525,江申,3.58,12.11,110/2,
2021-11-05,1526,日馳,3.87,12.74,110/3,
2021-11-05,1527,鑽全,5.44,12.59,110/2,
2021-11-05,1528,恩德,0.90,-,110/2,
2021-11-05,1529,樂士,3.10,15.38,110/2,
2021-11-05,1530,亞崴,7.32,25.11,110/2,
2021-11-05,1531,高林股,1.32,32.13,110/2,
2021-11-05,1532,勤美,3.18,15.73,110/2,
2021-11-05,1533,車王電,0.00,46.07,110/2,
2021-11-05,1535,中宇,3.40,13.15,110/3,
2021-11-05,1536,和大,1.13,87.93,110/2,
2021-11-05,1537,廣隆,7.19,15.98,110/3,
2021-11-05,1538,正峰,0.00,-,110/2,
2021-11-05,1539,巨庭,0.00,-,110/2,
2021-11-05,1540,喬福,3.42,292.00,110/2,
2021-11-05,1541,錩泰,6.88,10.33,110/2,
2021-11-05,1558,伸興,6.31,8.52,110/2,
2021-11-05,1560,中砂,3.25,21.55,110/3,
2021-11-05,1568,倉佑,1.33,118.68,110/2,
2021-11-05,1582,信錦,6.74,14.84,110/2,
2021-11-05,1583,程泰,4.69,18.93,110/2,
2021-11-05,1587,吉茂,7.62,13.13,110/2,
2021-11-05,1589,永冠-KY,2.37,10.00,110/2,
2021-11-05,1590,亞德客-KY,1.06,25.62,110/2,
2021-11-05,1597,直得,1.75,22.72,110/3,
2021-11-05,1598,岱宇,11.49,5.73,110/2,
2021-11-05,1603,華電,1.81,11.35,110/2,
2021-11-05,1604,聲寶,8.49,5.76,110/2,
2021-11-05,1605,華新,3.30,7.88,110/3,
2021-11-05,1608,華榮,3.20,5.69,110/2,
2021-11-05,1609,大亞,2.56,13.54,110/2,
2021-11-05,1611,中電,2.17,115.00,110/2,
2021-11-05,1612,宏泰,4.49,10.94,110/2,
2021-11-05,1614,三洋電,2.77,24.36,110/2,
2021-11-05,1615,大山,7.15,8.62,110/2,
2021-11-05,1616,億泰,0.00,32.96,110/2,
2021-11-05,1617,榮星,3.48,11.73,110/2,
2021-11-05,1618,合機,1.97,11.64,110/2,
2021-11-05,1626,艾美特-KY,5.10,-,110/2,
2021-11-05,1701,中化,4.47,14.80,110/2,
2021-11-05,1702,南僑,4.08,10.27,110/2,
2021-11-05,1707,葡萄王,3.99,18.55,110/3,
2021-11-05,1708,東鹼,5.85,22.61,110/2,
2021-11-05,1709,和益,5.76,11.52,110/2,
2021-11-05,1710,東聯,0.00,59.15,110/3,
2021-11-05,1711,永光,1.02,40.21,110/2,
2021-11-05,1712,興農,5.27,12.20,110/3,
2021-11-05,1713,國化,2.76,21.38,110/3,
2021-11-05,1714,和桐,6.67,65.63,110/2,
2021-11-05,1717,長興,3.92,12.92,110/3,
2021-11-05,1718,中纖,4.88,8.01,110/2,
2021-11-05,1720,生達,4.57,10.14,110/3,
2021-11-05,1721,三晃,2.56,-,110/2,
2021-11-05,1722,台肥,3.36,28.19,110/2,
2021-11-05,1723,中碳,2.39,25.55,110/3,
2021-11-05,1725,元禎,3.28,16.84,110/2,
2021-11-05,1726,永記,4.80,12.55,110/2,
2021-11-05,1727,中華化,0.00,53.20,110/2,
2021-11-05,1730,花仙子,6.03,16.41,110/3,
2021-11-05,1731,美吾華,5.12,15.64,110/2,
2021-11-05,1732,毛寶,1.99,34.38,110/2,
2021-11-05,1733,五鼎,4.72,20.44,110/2,
2021-11-05,1734,杏輝,0.66,-,110/2,
2021-11-05,1735,日勝化,2.79,18.08,110/2,
2021-11-05,1736,喬山,1.88,17.84,110/2,
2021-11-05,1737,臺鹽,4.08,15.52,110/2,
2021-11-05,1760,寶齡富錦,1.02,62.64,110/2,
2021-11-05,1762,中化生,2.29,14.19,110/2,
2021-11-05,1773,勝一,3.22,18.72,110/3,
2021-11-05,1776,展宇,4.17,9.27,110/2,
2021-11-05,1783,和康生,1.43,46.97,110/2,
2021-11-05,1786,科妍,3.70,26.75,110/3,
2021-11-05,1789,神隆,1.98,74.12,110/2,
2021-11-05,1795,美時,0.37,17.58,110/2,
2021-11-05,1802,台玻,1.80,9.57,110/2,
2021-11-05,1805,寶徠,0.00,-,110/2,
2021-11-05,1806,冠軍,0.00,-,110/2,
2021-11-05,1808,潤隆,0.67,22.46,110/2,
2021-11-05,1809,中釉,1.40,357.50,110/2,
2021-11-05,1810,和成,1.39,51.25,110/2,
2021-11-05,1817,凱撒衛,5.63,11.58,110/3,
2021-11-05,1903,士紙,0.00,296.67,110/2,
2021-11-05,1904,正隆,5.21,8.66,110/2,
2021-11-05,1905,華紙,0.00,65.71,110/2,
2021-11-05,1906,寶隆,1.95,16.57,110/2,
2021-11-05,1907,永豐餘,4.62,8.23,110/2,
2021-11-05,1909,榮成,2.38,14.32,110/2,
2021-11-05,2002,中鋼,0.91,10.15,110/3,
2021-11-05,2006,東和鋼鐵,3.72,8.19,110/2,
2021-11-05,2007,燁興,0.00,-,110/2,
2021-11-05,2008,高興昌,0.00,62.67,110/2,
2021-11-05,2009,第一銅,1.80,37.63,110/2,
2021-11-05,2010,春源,2.67,12.01,110/3,
2021-11-05,2012,春雨,2.04,16.64,110/2,
2021-11-05,2013,中鋼構,5.21,21.65,110/3,
2021-11-05,2014,中鴻,0.87,7.92,110/3,
2021-11-05,2015,豐興,4.52,12.79,110/3,
2021-11-05,2017,官田鋼,1.49,13.65,110/2,
2021-11-05,2020,美亞,5.48,8.99,110/2,
2021-11-05,2022,聚亨,0.00,21.36,110/2,
2021-11-05,2023,燁輝,0.00,10.42,110/3,
2021-11-05,2024,志聯,1.39,12.82,110/3,
2021-11-05,2025,千興,0.00,-,110/2,
2021-11-05,2027,大成鋼,1.90,16.21,110/2,
2021-11-05,2028,威致,0.00,9.74,110/2,
2021-11-05,2029,盛餘,1.52,11.86,110/2,
2021-11-05,2030,彰源,1.73,9.29,110/3,
2021-11-05,2031,新光鋼,3.28,8.14,110/2,
2021-11-05,2032,新鋼,2.27,16.56,110/3,
2021-11-05,2033,佳大,1.67,69.23,110/3,
2021-11-05,2034,允強,4.65,18.07,110/3,
2021-11-05,2038,海光,1.52,17.57,110/2,
2021-11-05,2049,上銀,0.72,30.90,110/3,
2021-11-05,2059,川湖,1.44,23.90,110/3,
2021-11-05,2062,橋椿,0.28,13.99,110/3,
2021-11-05,2069,運錩,1.76,8.10,110/3,
2021-11-05,2101,南港,2.38,39.12,110/2,
2021-11-05,2102,泰豐,0.07,-,110/2,
2021-11-05,2103,台橡,1.13,7.29,110/3,
2021-11-05,2104,國際中橡,0.41,13.79,110/2,
2021-11-05,2105,正新,3.51,12.15,110/2,
2021-11-05,2106,建大,3.27,12.94,110/2,
2021-11-05,2107,厚生,6.65,9.13,110/2,
2021-11-05,2108,南帝,5.08,4.86,110/2,
2021-11-05,2109,華豐,0.00,8.87,110/2,
2021-11-05,2114,鑫永銓,4.84,9.27,110/3,
2021-11-05,2115,六暉-KY,6.13,9.74,110/3,
2021-11-05,2201,裕隆,2.39,9.67,110/2,
2021-11-05,2204,中華,9.97,9.06,110/2,
2021-11-05,2206,三陽工業,4.90,11.01,110/2,
2021-11-05,2207,和泰車,2.79,20.42,110/2,
2021-11-05,2208,台船,0.00,-,110/2,
2021-11-05,2211,長榮鋼,4.20,18.43,110/2,
2021-11-05,2227,裕日車,7.28,11.96,110/2,
2021-11-05,2228,劍麟,1.51,18.81,110/2,
2021-11-05,2231,為升,0.72,44.52,110/2,
2021-11-05,2233,宇隆,3.60,12.47,110/2,
2021-11-05,2236,百達-KY,1.35,22.54,110/2,
2021-11-05,2239,英利-KY,2.85,12.00,110/2,
2021-11-05,2241,艾姆勒,1.07,-,110/3,
2021-11-05,2243,宏旭-KY,0.00,-,110/2,
2021-11-05,2247,汎德永業,5.20,13.60,110/2,
2021-11-05,2250,IKKA-KY,2.65,19.12,110/2,
2021-11-05,2301,光寶科,5.53,10.49,110/3,
2021-11-05,2302,麗正,1.69,19.72,110/2,
2021-11-05,2303,聯電,2.65,14.70,110/3,
2021-11-05,2305,全友,0.00,164.80,110/2,
2021-11-05,2308,台達電,2.10,24.33,110/3,
2021-11-05,2312,金寶,2.05,-,110/2,
2021-11-05,2313,華通,3.59,11.30,110/3,
2021-11-05,2314,台揚,0.00,-,110/2,
2021-11-05,2316,楠梓電,5.17,12.08,110/2,
2021-11-05,2317,鴻海,3.67,11.21,110/2,
2021-11-05,2321,東訊,0.00,-,110/2,
2021-11-05,2323,中環,7.74,-,110/2,
2021-11-05,2324,仁寶,6.57,8.95,110/2,
2021-11-05,2327,國巨,2.37,11.21,110/2,
2021-11-05,2328,廣宇,1.61,23.49,110/2,
2021-11-05,2329,華泰,0.00,18.69,110/3,
2021-11-05,2330,台積電,1.67,28.08,110/2,
2021-11-05,2331,精英,4.32,-,110/2,
2021-11-05,2332,友訊,1.45,15.41,110/3,
2021-11-05,2337,旺宏,3.02,7.81,110/3,
2021-11-05,2338,光罩,1.63,17.54,110/2,
2021-11-05,2340,光磊,3.14,22.69,110/3,
2021-11-05,2342,茂矽,1.14,12.81,110/2,
2021-11-05,2344,華邦電,0.74,10.96,110/3,
2021-11-05,2345,智邦,2.30,31.91,110/2,
2021-11-05,2347,聯強,5.83,9.04,110/2,
2021-11-05,2348,海悅,7.92,5.67,110/2,
2021-11-05,2349,錸德,0.00,-,110/2,
2021-11-05,2351,順德,1.11,46.16,110/2,
2021-11-05,2352,佳世達,4.67,6.50,110/2,
2021-11-05,2353,宏碁,5.73,7.38,110/3,
2021-11-05,2354,鴻準,2.57,18.82,110/2,
2021-11-05,2355,敬鵬,1.68,72.80,110/2,
2021-11-05,2356,英業達,6.98,18.53,110/2,
2021-11-05,2357,華碩,7.13,6.52,110/2,
2021-11-05,2358,廷鑫,0.30,62.57,110/2,
2021-11-05,2359,所羅門,2.85,31.34,110/2,
2021-11-05,2360,致茂,2.38,19.85,110/2,
2021-11-05,2362,藍天,1.74,16.15,110/2,
2021-11-05,2363,矽統,6.34,-,110/2,
2021-11-05,2364,倫飛,0.00,81.20,110/2,
2021-11-05,2365,昆盈,2.83,19.63,110/2,
2021-11-05,2367,燿華,0.00,-,110/2,
2021-11-05,2368,金像電,2.15,16.74,110/2,
2021-11-05,2369,菱生,0.00,39.77,110/2,
2021-11-05,2371,大同,0.00,-,110/2,
2021-11-05,2373,震旦行,6.74,13.15,110/2,
2021-11-05,2374,佳能,2.57,10.38,110/2,
2021-11-05,2375,凱美,2.28,13.54,110/2,
2021-11-05,2376,技嘉,4.03,9.19,110/2,
2021-11-05,2377,微星,4.03,9.71,110/2,
2021-11-05,2379,瑞昱,2.80,20.42,110/2,
2021-11-05,2380,虹光,0.00,-,110/2,
2021-11-05,2382,廣達,6.50,9.79,110/2,
2021-11-05,2383,台光電,3.04,15.42,110/3,
2021-11-05,2385,群光,6.91,9.82,110/3,
2021-11-05,2387,精元,4.66,5.69,110/2,
2021-11-05,2388,威盛,1.15,6.04,110/3,
2021-11-05,2390,云辰,0.00,3.92,110/2,
2021-11-05,2392,正崴,6.42,10.20,110/2,
2021-11-05,2393,億光,4.46,12.11,110/2,
2021-11-05,2395,研華,1.90,37.66,110/3,
2021-11-05,2397,友通,5.18,21.29,110/2,
2021-11-05,2399,映泰,1.88,11.21,110/2,
2021-11-05,2401,凌陽,1.36,25.39,110/2,
2021-11-05,2402,毅嘉,3.07,22.33,110/2,
2021-11-05,2404,漢唐,9.21,10.12,110/2,
2021-11-05,2405,浩鑫,0.00,46.15,110/2,
2021-11-05,2406,國碩,0.00,25.70,110/2,
2021-11-05,2408,南亞科,1.98,11.73,110/3,
2021-11-05,2409,友達,1.45,4.61,110/2,
2021-11-05,2412,中華電,3.88,25.11,110/2,
2021-11-05,2413,環科,0.00,75.77,110/2,
2021-11-05,2414,精技,4.43,12.39,110/3,
2021-11-05,2415,錩新,1.05,16.74,110/2,
2021-11-05,2417,圓剛,7.31,3.94,110/2,
2021-11-05,2419,仲琦,4.39,46.53,110/3,
2021-11-05,2420,新巨,5.85,13.21,110/2,
2021-11-05,2421,建準,5.97,24.66,110/3,
2021-11-05,2423,固緯,3.73,20.77,110/2,
2021-11-05,2424,隴華,0.00,-,110/2,
2021-11-05,2425,承啟,1.82,22.00,110/2,
2021-11-05,2426,鼎元,2.95,74.71,110/2,
2021-11-05,2427,三商電,2.80,17.83,110/2,
2021-11-05,2428,興勤,3.27,12.75,110/2,
2021-11-05,2429,銘旺科,0.00,-,110/2,
2021-11-05,2430,燦坤,3.70,12.54,110/3,
2021-11-05,2431,聯昌,2.14,6.69,110/2,
2021-11-05,2433,互盛電,7.07,13.15,110/2,
2021-11-05,2434,統懋,0.00,56.52,110/2,
2021-11-05,2436,偉詮電,1.98,19.54,110/3,
2021-11-05,2438,翔耀,0.00,317.00,110/2,
2021-11-05,2439,美律,5.31,17.25,110/3,
2021-11-05,2440,太空梭,0.00,10.77,110/2,
2021-11-05,2441,超豐,3.98,10.61,110/3,
2021-11-05,2442,新美齊,2.54,4.50,110/2,
2021-11-05,2443,億麗,0.00,-,110/2,
2021-11-05,2444,兆勁,0.00,-,110/2,
2021-11-05,2449,京元電子,4.80,13.90,110/2,
2021-11-05,2450,神腦,4.61,14.66,110/3,
2021-11-05,2451,創見,4.42,12.83,110/3,
2021-11-05,2453,凌群,5.99,13.18,110/2,
2021-11-05,2454,聯發科,3.94,18.35,110/2,
2021-11-05,2455,全新,1.93,30.59,110/3,
2021-11-05,2456,奇力新,2.39,13.99,110/2,
2021-11-05,2457,飛宏,0.00,-,110/3,
2021-11-05,2458,義隆,5.56,10.06,110/2,
2021-11-05,2459,敦吉,5.81,11.34,110/2,
2021-11-05,2460,建通,0.00,21.10,110/2,
2021-11-05,2461,光群雷,4.73,9.23,110/2,
2021-11-05,2462,良得電,2.63,24.32,110/2,
2021-11-05,2464,盟立,4.66,16.96,110/2,
2021-11-05,2465,麗臺,0.00,12.84,110/2,
2021-11-05,2466,冠西電,0.00,335.00,110/2,
2021-11-05,2467,志聖,5.79,11.50,110/2,
2021-11-05,2468,華經,2.93,23.95,110/2,
2021-11-05,2471,資通,6.55,12.45,110/2,
2021-11-05,2472,立隆電,4.64,12.69,110/2,
2021-11-05,2474,可成,7.41,6.99,110/2,
2021-11-05,2476,鉅祥,1.99,17.71,110/3,
2021-11-05,2477,美隆電,5.08,3.41,110/2,
2021-11-05,2478,大毅,4.70,12.81,110/2,
2021-11-05,2480,敦陽科,6.03,13.71,110/3,
2021-11-05,2481,強茂,1.36,27.03,110/2,
2021-11-05,2482,連宇,0.00,-,110/2,
2021-11-05,2483,百容,2.85,21.16,110/3,
2021-11-05,2484,希華,2.99,17.22,110/3,
2021-11-05,2485,兆赫,0.00,-,110/2,
2021-11-05,2486,一詮,0.00,87.58,110/2,
2021-11-05,2488,漢平,5.32,15.24,110/3,
2021-11-05,2491,吉祥全,1.67,4.67,110/2,
2021-11-05,2492,華新科,3.90,8.63,110/3,
2021-11-05,2493,揚博,6.61,14.21,110/3,
2021-11-05,2495,普安,1.95,76.75,110/2,
2021-11-05,2496,卓越,9.23,14.48,110/2,
2021-11-05,2497,怡利電,0.00,249.69,110/3,
2021-11-05,2498,宏達電,0.00,-,110/2,
2021-11-05,2501,國建,5.15,20.42,110/2,
2021-11-05,2504,國產,6.07,10.60,110/2,
2021-11-05,2505,國揚,10.22,7.34,110/2,
2021-11-05,2506,太設,4.06,30.81,110/2,
2021-11-05,2509,全坤建,8.13,15.00,110/2,
2021-11-05,2511,太子,3.07,13.05,110/3,
2021-11-05,2514,龍邦,0.00,3.16,110/2,
2021-11-05,2515,中工,2.45,28.45,110/2,
2021-11-05,2516,新建,0.00,-,110/2,
2021-11-05,2520,冠德,8.81,4.54,110/3,
2021-11-05,2524,京城,0.00,7.54,110/2,
2021-11-05,2527,宏璟,4.49,11.26,110/2,
2021-11-05,2528,皇普,0.00,34.06,110/3,
2021-11-05,2530,華建,0.00,-,110/2,
2021-11-05,2534,宏盛,4.18,15.72,110/2,
2021-11-05,2535,達欣工,8.08,8.17,110/3,
2021-11-05,2536,宏普,5.49,28.38,110/2,
2021-11-05,2537,聯上發,4.03,-,110/2,
2021-11-05,2538,基泰,3.91,-,110/2,
2021-11-05,2539,櫻花建,5.06,35.28,110/2,
2021-11-05,2540,愛山林,1.31,11.84,110/2,
2021-11-05,2542,興富發,4.49,8.79,110/2,
2021-11-05,2543,皇昌,0.00,40.00,110/2,
2021-11-05,2545,皇翔,11.76,4.92,110/2,
2021-11-05,2546,根基,7.31,7.01,110/3,
2021-11-05,2547,日勝生,5.96,20.00,110/2,
2021-11-05,2548,華固,7.78,16.51,110/2,
2021-11-05,2597,潤弘,8.26,10.25,110/2,
2021-11-05,2601,益航,0.00,107.92,110/2,
2021-11-05,2603,長榮,2.18,6.05,110/2,
2021-11-05,2605,新興,1.76,86.06,110/2,
2021-11-05,2606,裕民,2.24,12.67,110/3,
2021-11-05,2607,榮運,1.09,35.32,110/3,
2021-11-05,2608,嘉里大榮,3.78,13.92,110/2,
2021-11-05,2609,陽明,0.00,4.98,110/2,
2021-11-05,2610,華航,0.00,30.08,110/3,
2021-11-05,2611,志信,0.00,9.00,110/2,
2021-11-05,2612,中航,2.75,9.40,110/2,
2021-11-05,2613,中櫃,0.75,32.17,110/2,
2021-11-05,2614,東森,2.24,23.45,110/3,
2021-11-05,2615,萬海,1.12,9.13,110/2,
2021-11-05,2616,山隆,6.25,12.31,110/2,
2021-11-05,2617,台航,2.52,22.42,110/2,
2021-11-05,2618,長榮航,0.00,-,110/3,
2021-11-05,2630,亞航,1.54,37.92,110/3,
2021-11-05,2633,台灣高鐵,3.61,30.90,110/3,
2021-11-05,2634,漢翔,0.70,56.27,110/3,
2021-11-05,2636,台驊投控,2.25,6.25,110/3,
2021-11-05,2637,慧洋-KY,2.13,9.45,110/3,
2021-11-05,2642,宅配通,2.45,28.02,110/3,
2021-11-05,2701,萬企,2.05,40.67,110/2,
2021-11-05,2702,華園,0.00,-,110/2,
2021-11-05,2704,國賓,0.00,-,110/2,
2021-11-05,2705,六福,0.00,-,110/2,
2021-11-05,2706,第一店,1.05,68.10,110/2,
2021-11-05,2707,晶華,2.91,23.93,110/2,
2021-11-05,2712,遠雄來,1.84,46.98,110/2,
2021-11-05,2722,夏都,1.58,"1,580.00",110/3,
2021-11-05,2723,美食-KY,3.05,16.97,110/2,
2021-11-05,2727,王品,3.03,-,110/3,
2021-11-05,2731,雄獅,0.00,-,110/2,
2021-11-05,2739,寒舍,0.00,-,110/2,
2021-11-05,2748,雲品,2.33,41.60,110/2,
2021-11-05,2753,八方雲集,4.78,13.24,110/2,
2021-11-05,2801,彰銀,2.77,24.78,110/2,
2021-11-05,2809,京城銀,4.40,5.95,110/3,
2021-11-05,2812,台中銀,5.77,11.17,110/2,
2021-11-05,2816,旺旺保,4.10,6.06,110/2,
2021-11-05,2820,華票,5.18,12.35,110/3,
2021-11-05,2823,中壽,2.77,5.67,110/2,
2021-11-05,2832,台產,5.54,79.40,110/2,
2021-11-05,2834,臺企銀,4.65,14.35,110/2,
2021-11-05,2836,高雄銀,4.25,15.92,110/2,
2021-11-05,2838,聯邦銀,5.32,9.05,110/2,
2021-11-05,2841,台開,0.00,-,110/2,
2021-11-05,2845,遠東銀,4.95,15.44,110/2,
2021-11-05,2849,安泰銀,4.36,13.19,110/3,
2021-11-05,2850,新產,4.16,7.31,110/2,
2021-11-05,2851,中再保,4.60,9.61,110/3,
2021-11-05,2852,第一保,2.61,13.81,110/2,
2021-11-05,2855,統一證,8.37,6.52,110/3,
2021-11-05,2867,三商壽,0.00,8.33,110/2,
2021-11-05,2880,華南金,2.60,15.90,110/2,
2021-11-05,2881,富邦金,4.14,5.92,110/2,
2021-11-05,2882,國泰金,4.27,6.44,110/2,
2021-11-05,2883,開發金,3.89,7.99,110/2,
2021-11-05,2884,玉山金,4.55,18.11,110/2,
2021-11-05,2885,元大金,4.87,9.16,110/2,
2021-11-05,2886,兆豐金,4.69,17.46,110/2,
2021-11-05,2887,台新金,5.53,10.55,110/2,
2021-11-05,2888,新光金,4.11,6.40,110/2,
2021-11-05,2889,國票金,6.33,11.29,110/2,
2021-11-05,2890,永豐金,4.95,10.48,110/2,
2021-11-05,2891,中信金,4.53,8.11,110/2,
2021-11-05,2892,第一金,4.35,15.54,110/2,
2021-11-05,2897,王道銀行,2.55,14.25,110/2,
2021-11-05,2901,欣欣,0.71,210.00,110/2,
2021-11-05,2903,遠百,4.98,14.64,110/2,
2021-11-05,2904,匯僑,7.49,13.02,110/2,
2021-11-05,2905,三商,4.33,9.59,110/2,
2021-11-05,2906,高林,1.95,42.64,110/2,
2021-11-05,2908,特力,4.38,13.66,110/2,
2021-11-05,2910,統領,1.47,40.96,110/2,
2021-11-05,2911,麗嬰房,0.00,-,110/2,
2021-11-05,2912,統一超,3.17,33.49,110/3,
2021-11-05,2913,農林,0.00,"2,075.00",110/2,
2021-11-05,2915,潤泰全,4.90,3.90,110/2,
2021-11-05,2923,鼎固-KY,4.44,15.88,110/2,
2021-11-05,2929,淘帝-KY,0.00,-,110/2,
2021-11-05,2936,客思達-KY,0.00,7.33,110/2,
2021-11-05,2939,凱羿-KY,5.85,39.31,110/2,
2021-11-05,3002,歐格,0.85,292.50,110/3,
2021-11-05,3003,健和興,1.25,29.45,110/2,
2021-11-05,3004,豐達科,0.83,-,110/3,
2021-11-05,3005,神基,6.64,7.38,110/2,
2021-11-05,3006,晶豪科,1.38,9.63,110/3,
2021-11-05,3008,大立光,4.56,13.12,110/3,
2021-11-05,3010,華立,5.01,8.79,110/2,
2021-11-05,3011,今皓,0.00,-,110/3,
2021-11-05,3013,晟銘電,2.21,-,110/2,
2021-11-05,3014,聯陽,5.74,11.90,110/2,
2021-11-05,3015,全漢,7.10,11.45,110/3,
2021-11-05,3016,嘉晶,0.25,241.67,110/2,
2021-11-05,3017,奇鋐,3.46,11.48,110/2,
2021-11-05,3018,同開,0.00,-,110/2,
2021-11-05,3019,亞光,1.15,23.73,110/2,
2021-11-05,3021,鴻名,3.20,19.73,110/2,
2021-11-05,3022,威強電,4.42,7.97,110/2,
2021-11-05,3023,信邦,2.75,22.81,110/3,
2021-11-05,3024,憶聲,0.70,19.66,110/2,
2021-11-05,3025,星通,3.93,38.56,110/2,
2021-11-05,3026,禾伸堂,6.67,10.03,110/3,
2021-11-05,3027,盛達,0.00,76.09,110/2,
2021-11-05,3028,增你強,6.50,8.68,110/2,
2021-11-05,3029,零壹,6.54,11.55,110/3,
2021-11-05,3030,德律,5.74,12.69,110/3,
2021-11-05,3031,佰鴻,3.21,17.54,110/2,
2021-11-05,3032,偉訓,9.58,8.58,110/2,
2021-11-05,3033,威健,4.72,9.22,110/2,
2021-11-05,3034,聯詠,3.48,8.63,110/3,
2021-11-05,3035,智原,0.51,69.86,110/3,
2021-11-05,3036,文曄,4.93,10.17,110/2,
2021-11-05,3037,欣興,0.71,27.98,110/3,
2021-11-05,3038,全台,6.49,13.70,110/2,
2021-11-05,3040,遠見,14.63,8.81,110/2,
2021-11-05,3041,揚智,0.00,-,110/2,
2021-11-05,3042,晶技,3.87,12.92,110/2,
2021-11-05,3043,科風,0.00,-,110/2,
2021-11-05,3044,健鼎,6.34,9.28,110/2,
2021-11-05,3045,台灣大,4.34,26.29,110/2,
2021-11-05,3046,建碁,0.00,-,110/2,
2021-11-05,3047,訊舟,2.60,-,110/3,
2021-11-05,3048,益登,8.73,7.55,110/2,
2021-11-05,3049,和鑫,3.15,11.48,110/2,
2021-11-05,3050,鈺德,3.41,20.95,110/2,
2021-11-05,3051,力特,0.00,4.50,110/2,
2021-11-05,3052,夆典,7.48,9.07,110/2,
2021-11-05,3054,立萬利,0.00,52.20,110/3,
2021-11-05,3055,蔚華科,0.70,-,110/2,
2021-11-05,3056,總太,11.31,5.45,110/2,
2021-11-05,3057,喬鼎,0.00,-,110/2,
2021-11-05,3058,立德,0.92,-,110/2,
2021-11-05,3059,華晶科,1.32,45.54,110/3,
2021-11-05,3060,銘異,0.00,-,110/2,
2021-11-05,3062,建漢,0.57,437.50,110/2,
2021-11-05,3090,日電貿,6.04,11.61,110/3,
2021-11-05,3092,鴻碩,2.39,120.42,110/2,
2021-11-05,3094,聯傑,2.50,58.18,110/2,
2021-11-05,3130,一零四,4.39,17.00,110/3,
2021-11-05,3138,耀登,0.70,88.27,110/2,
2021-11-05,3149,正達,0.00,-,110/2,
2021-11-05,3164,景岳,2.94,25.11,110/2,
2021-11-05,3167,大量,3.47,12.78,110/2,
2021-11-05,3189,景碩,0.40,42.22,110/3,
2021-11-05,3209,全科,6.58,8.89,110/2,
2021-11-05,3229,晟鈦,0.00,-,110/2,
2021-11-05,3231,緯創,7.45,11.32,110/3,
2021-11-05,3257,虹冠電,5.60,14.14,110/3,
2021-11-05,3266,昇陽,0.00,35.83,110/3,
2021-11-05,3296,勝德,1.21,-,110/2,
2021-11-05,3305,昇貿,1.74,24.68,110/2,
2021-11-05,3308,聯德,0.00,-,110/2,
2021-11-05,3311,閎暉,0.00,33.29,110/3,
2021-11-05,3312,弘憶股,4.55,8.40,110/2,
2021-11-05,3321,同泰,0.00,-,110/3,
2021-11-05,3338,泰碩,4.46,22.93,110/3,
2021-11-05,3346,麗清,0.34,24.44,110/2,
2021-11-05,3356,奇偶,3.21,13.22,110/2,
2021-11-05,3376,新日興,6.84,11.62,110/2,
2021-11-05,3380,明泰,3.55,21.69,110/2,
2021-11-05,3383,新世紀,0.00,-,110/2,
2021-11-05,3406,玉晶光,2.37,19.27,110/2,
2021-11-05,3413,京鼎,3.32,14.06,110/2,
2021-11-05,3416,融程電,4.83,16.69,110/3,
2021-11-05,3419,譁裕,3.09,17.42,110/2,
2021-11-05,3432,台端,1.49,25.77,110/3,
2021-11-05,3437,榮創,0.00,30.43,110/2,
2021-11-05,3443,創意,0.81,53.32,110/3,
2021-11-05,3450,聯鈞,2.33,29.85,110/2,
2021-11-05,3454,晶睿,2.72,38.03,110/3,
2021-11-05,3481,群創,2.19,4.28,110/2,
2021-11-05,3494,誠研,0.00,-,110/2,
2021-11-05,3501,維熹,5.18,13.57,110/2,
2021-11-05,3504,揚明光,0.00,-,110/3,
2021-11-05,3515,華擎,4.34,10.82,110/3,
2021-11-05,3518,柏騰,0.00,-,110/2,
2021-11-05,3528,安馳,5.98,12.86,110/2,
2021-11-05,3530,晶相光,2.07,13.98,110/3,
2021-11-05,3532,台勝科,1.27,55.78,110/2,
2021-11-05,3533,嘉澤,2.27,20.47,110/2,
2021-11-05,3535,晶彩科,0.00,-,110/3,
2021-11-05,3536,誠創,0.00,-,110/2,
2021-11-05,3543,州巧,4.37,10.24,110/3,
2021-11-05,3545,敦泰,2.18,8.47,110/2,
2021-11-05,3550,聯穎,2.75,11.45,110/2,
2021-11-05,3557,嘉威,7.21,10.48,110/3,
2021-11-05,3563,牧德,4.92,13.68,110/3,
2021-11-05,3576,聯合再生,0.00,-,110/2,
2021-11-05,3583,辛耘,2.41,15.36,110/3,
2021-11-05,3588,通嘉,0.82,42.14,110/2,
2021-11-05,3591,艾笛森,1.51,23.30,110/2,
2021-11-05,3593,力銘,0.00,18.27,110/2,
2021-11-05,3596,智易,5.73,12.87,110/3,
2021-11-05,3605,宏致,1.48,11.58,110/2,
2021-11-05,3607,谷崧,0.00,-,110/2,
2021-11-05,3617,碩天,7.25,13.50,110/2,
2021-11-05,3622,洋華,3.26,21.32,110/2,
2021-11-05,3645,達邁,3.60,14.58,110/2,
2021-11-05,3653,健策,1.49,59.37,110/2,
2021-11-05,3661,世芯-KY,0.54,69.46,110/2,
2021-11-05,3665,貿聯-KY,2.96,18.57,110/2,
2021-11-05,3669,圓展,9.71,4.31,110/2,
2021-11-05,3673,TPK-KY,2.48,12.13,110/2,
2021-11-05,3679,新至陞,12.00,8.23,110/3,
2021-11-05,3682,亞太電,0.00,-,110/2,
2021-11-05,3686,達能,0.00,-,110/3,
2021-11-05,3694,海華,0.00,12.90,110/2,
2021-11-05,3701,大眾控,0.00,123.33,110/2,
2021-11-05,3702,大聯大,5.95,9.83,110/2,
2021-11-05,3703,欣陸,5.56,14.82,110/3,
2021-11-05,3704,合勤控,1.58,10.36,110/3,
2021-11-05,3705,永信,4.61,16.00,110/2,
2021-11-05,3706,神達,3.46,6.34,110/2,
2021-11-05,3708,上緯投控,3.65,20.96,110/2,
2021-11-05,3711,日月光投控,4.20,10.00,110/3,
2021-11-05,3712,永崴投控,2.82,23.79,110/2,
2021-11-05,3714,富采,0.00,-,110/2,
2021-11-05,4104,佳醫,6.31,14.12,110/2,
2021-11-05,4106,雃博,2.05,25.57,110/2,
2021-11-05,4108,懷特,0.00,-,110/2,
2021-11-05,4119,旭富,3.24,-,110/3,
2021-11-05,4133,亞諾法,1.62,54.49,110/2,
2021-11-05,4137,麗豐-KY,3.64,14.80,110/2,
2021-11-05,4141,龍燈-KY,0.00,-,110/2,
2021-11-05,4142,國光生,1.12,19.43,110/2,
2021-11-05,4148,全宇生技-KY,2.61,17.65,110/2,
2021-11-05,4155,訊映,5.85,24.48,110/2,
2021-11-05,4164,承業醫,5.55,19.26,110/3,
2021-11-05,4190,佐登-KY,2.58,12.32,110/2,
2021-11-05,4306,炎洲,7.78,4.01,110/2,
2021-11-05,4414,如興,0.00,-,110/2,
2021-11-05,4426,利勤,0.00,-,110/2,
2021-11-05,4438,廣越,2.44,24.17,110/2,
2021-11-05,4439,冠星-KY,4.44,9.71,110/2,
2021-11-05,4440,宜新實業,7.61,11.06,110/2,
2021-11-05,4526,東台,0.00,-,110/2,
2021-11-05,4532,瑞智,3.66,14.40,110/3,
2021-11-05,4536,拓凱,3.75,15.00,110/2,
2021-11-05,4540,全球傳動,1.64,28.27,110/2,
2021-11-05,4545,銘鈺,2.03,27.89,110/2,
2021-11-05,4551,智伸科,2.33,16.88,110/2,
2021-11-05,4552,力達-KY,3.56,11.71,110/2,
2021-11-05,4555,氣立,2.81,17.92,110/2,
2021-11-05,4557,永新-KY,5.46,16.82,110/2,
2021-11-05,4560,強信-KY,2.33,26.32,110/2,
2021-11-05,4562,穎漢,0.00,-,110/2,
2021-11-05,4564,元翎,2.99,22.42,110/3,
2021-11-05,4566,時碩工業,2.80,24.01,110/2,
2021-11-05,4571,鈞興-KY,3.55,13.11,110/2,
2021-11-05,4572,駐龍,4.90,91.07,110/3,
2021-11-05,4576,大銀微系統,0.36,47.62,110/3,
2021-11-05,4581,光隆精密-KY,5.73,15.94,110/2,
2021-11-05,4720,德淵,3.26,18.81,110/2,
2021-11-05,4722,國精化,4.62,11.44,110/2,
2021-11-05,4737,華廣,3.04,36.85,110/2,
2021-11-05,4739,康普,0.79,35.56,110/3,
2021-11-05,4746,台耀,0.00,3.64,110/2,
2021-11-05,4755,三福化,3.47,20.19,110/2,
2021-11-05,4763,材料-KY,6.34,12.09,110/2,
2021-11-05,4764,雙鍵,1.65,41.16,110/2,
2021-11-05,4766,南寶,5.09,12.11,110/2,
2021-11-05,4807,日成-KY,1.87,12.48,110/2,
2021-11-05,4904,遠傳,5.24,26.16,110/2,
2021-11-05,4906,正文,7.03,6.13,110/2,
2021-11-05,4912,聯德控股-KY,3.50,14.33,110/2,
2021-11-05,4915,致伸,6.00,10.48,110/3,
2021-11-05,4916,事欣科,1.46,"1,140.00",110/2,
2021-11-05,4919,新唐,0.61,26.44,110/3,
2021-11-05,4927,泰鼎-KY,3.53,15.92,110/2,
2021-11-05,4930,燦星網,13.92,7.38,110/3,
2021-11-05,4934,太極,0.00,-,110/2,
2021-11-05,4935,茂林-KY,6.51,7.94,110/3,
2021-11-05,4938,和碩,6.51,8.53,110/2,
2021-11-05,4942,嘉彰,5.32,7.26,110/3,
2021-11-05,4943,康控-KY,0.18,-,110/2,
2021-11-05,4952,凌通,3.72,15.43,110/2,
2021-11-05,4956,光鋐,0.00,21.22,110/2,
2021-11-05,4958,臻鼎-KY,4.43,12.53,110/2,
2021-11-05,4960,誠美材,0.00,9.96,110/3,
2021-11-05,4961,天鈺,1.18,11.34,110/2,
2021-11-05,4967,十銓,1.92,15.14,110/2,
2021-11-05,4968,立積,2.71,30.18,110/3,
2021-11-05,4976,佳凌,0.00,126.54,110/2,
2021-11-05,4977,眾達-KY,6.89,11.41,110/2,
2021-11-05,4989,榮科,1.43,22.90,110/2,
2021-11-05,4994,傳奇,5.61,18.32,110/2,
2021-11-05,4999,鑫禾,7.08,12.13,110/3,
2021-11-05,5007,三星,3.39,21.22,110/2,
2021-11-05,5203,訊連,2.42,46.29,110/3,
2021-11-05,5215,科嘉-KY,10.81,5.72,110/2,
2021-11-05,5222,全訊,2.68,47.90,110/2,
2021-11-05,5225,東科-KY,0.00,-,110/3,
2021-11-05,5234,達興材料,5.18,15.01,110/3,
2021-11-05,5243,乙盛-KY,2.58,21.50,110/2,
2021-11-05,5258,虹堡,1.61,19.48,110/2,
2021-11-05,5269,祥碩,1.50,35.96,110/2,
2021-11-05,5283,禾聯碩,6.81,9.18,110/2,
2021-11-05,5284,jpp-KY,4.79,15.10,110/2,
2021-11-05,5285,界霖,2.13,24.46,110/3,
2021-11-05,5288,豐祥-KY,2.56,14.23,110/3,
2021-11-05,5388,中磊,3.88,18.93,110/2,
2021-11-05,5434,崇越,5.71,11.51,110/3,
2021-11-05,5469,瀚宇博,5.01,6.41,110/2,
2021-11-05,5471,松翰,6.59,11.93,110/2,
2021-11-05,5515,建國,5.93,8.08,110/2,
2021-11-05,5519,隆大,8.76,7.67,110/2,
2021-11-05,5521,工信,13.06,-,110/2,
2021-11-05,5522,遠雄,6.66,11.44,110/2,
2021-11-05,5525,順天,1.81,"2,755.00",110/2,
2021-11-05,5531,鄉林,0.00,131.67,110/2,
2021-11-05,5533,皇鼎,3.17,11.21,110/2,
2021-11-05,5534,長虹,6.77,12.72,110/2,
2021-11-05,5538,東明-KY,3.97,8.97,110/2,
2021-11-05,5546,永固-KY,9.30,10.11,110/2,
2021-11-05,5607,遠雄港,2.25,22.30,110/2,
2021-11-05,5608,四維航,0.00,39.36,110/2,
2021-11-05,5706,鳳凰,0.69,40.75,110/2,
2021-11-05,5871,中租-KY,2.08,20.85,110/2,
2021-11-05,5876,上海商銀,3.81,14.25,110/2,
2021-11-05,5880,合庫金,4.61,16.40,110/2,
2021-11-05,5906,台南-KY,2.81,9.13,110/2,
2021-11-05,5907,大洋-KY,5.26,34.55,110/2,
2021-11-05,6005,群益證,7.21,6.05,110/2,
2021-11-05,6024,群益期,7.39,13.63,110/2,
2021-11-05,6108,競國,2.30,94.35,110/2,
2021-11-05,6112,聚碩,6.55,12.39,110/3,
2021-11-05,6115,鎰勝,6.62,15.33,110/2,
2021-11-05,6116,彩晶,3.27,4.66,110/3,
2021-11-05,6117,迎廣,0.00,-,110/2,
2021-11-05,6120,達運,0.00,-,110/3,
2021-11-05,6128,上福,3.69,11.94,110/2,
2021-11-05,6133,金橋,0.00,-,110/2,
2021-11-05,6136,富爾特,6.36,36.04,110/2,
2021-11-05,6139,亞翔,3.42,22.64,110/2,
2021-11-05,6141,柏承,1.98,7.24,110/2,
2021-11-05,6142,友勁,0.00,-,110/3,
2021-11-05,6152,百一,0.00,83.18,110/2,
2021-11-05,6153,嘉聯益,1.97,29.53,110/2,
2021-11-05,6155,鈞寶,3.10,34.08,110/3,
2021-11-05,6164,華興,0.00,163.89,110/2,
2021-11-05,6165,浪凡,0.00,10.64,110/2,
2021-11-05,6166,凌華,1.47,74.51,110/2,
2021-11-05,6168,宏齊,2.64,19.78,110/2,
2021-11-05,6172,互億,0.84,26.69,110/2,
2021-11-05,6176,瑞儀,8.28,8.19,110/3,
2021-11-05,6177,達麗,0.67,16.42,110/3,
2021-11-05,6183,關貿,3.62,19.06,110/3,
2021-11-05,6184,大豐電,6.90,13.94,110/3,
2021-11-05,6189,豐藝,6.84,11.22,110/2,
2021-11-05,6191,精成科,2.16,6.17,110/3,
2021-11-05,6192,巨路,4.80,9.23,110/2,
2021-11-05,6196,帆宣,3.00,20.84,110/2,
2021-11-05,6197,佳必琪,7.95,16.90,110/2,
2021-11-05,6201,亞弘電,7.12,11.36,110/3,
2021-11-05,6202,盛群,4.34,12.27,110/3,
2021-11-05,6205,詮欣,3.44,24.33,110/3,
2021-11-05,6206,飛捷,5.43,19.37,110/3,
2021-11-05,6209,今國光,0.00,-,110/2,
2021-11-05,6213,聯茂,3.80,16.17,110/3,
2021-11-05,6214,精誠,5.81,12.67,110/2,
2021-11-05,6215,和椿,1.76,12.32,110/2,
2021-11-05,6216,居易,5.17,19.46,110/2,
2021-11-05,6224,聚鼎,3.54,19.42,110/2,
2021-11-05,6225,天瀚,0.00,-,110/2,
2021-11-05,6226,光鼎,0.00,-,110/2,
2021-11-05,6230,尼得科超眾,0.80,21.20,110/2,
2021-11-05,6235,華孚,3.21,22.53,110/2,
2021-11-05,6239,力成,5.17,10.34,110/2,
2021-11-05,6243,迅杰,0.00,108.02,110/3,
2021-11-05,6251,定穎,1.85,18.83,110/3,
2021-11-05,6257,矽格,4.77,10.49,110/3,
2021-11-05,6269,台郡,5.22,12.86,110/2,
2021-11-05,6271,同欣電,2.04,24.28,110/2,
2021-11-05,6277,宏正,6.51,17.14,110/2,
2021-11-05,6278,台表科,3.00,10.25,110/3,
2021-11-05,6281,全國電,6.00,14.82,110/3,
2021-11-05,6282,康舒,3.50,45.67,110/3,
2021-11-05,6283,淳安,0.00,-,110/2,
2021-11-05,6285,啟碁,3.14,22.91,110/2,
2021-11-05,6288,聯嘉,2.65,47.23,110/2,
2021-11-05,6289,華上,0.00,-,110/2,
2021-11-05,6405,悅城,2.04,20.31,110/2,
2021-11-05,6409,旭隼,1.44,65.48,110/3,
2021-11-05,6412,群電,5.31,11.19,110/3,
2021-11-05,6414,樺漢,2.30,18.62,110/2,
2021-11-05,6415,矽力-KY,0.21,106.04,110/2,
2021-11-05,6416,瑞祺電通,3.64,24.45,110/2,
2021-11-05,6426,統新,3.56,36.75,110/2,
2021-11-05,6431,光麗-KY,0.00,328.33,110/2,
2021-11-05,6438,迅得,4.06,12.67,110/2,
2021-11-05,6442,光聖,2.89,56.72,110/2,
2021-11-05,6443,元晶,0.00,626.67,110/2,
2021-11-05,6449,鈺邦,3.65,15.71,110/3,
2021-11-05,6451,訊芯-KY,4.49,11.12,110/2,
2021-11-05,6456,GIS-KY,4.09,7.52,110/3,
2021-11-05,6464,台數科,3.18,11.35,110/2,
2021-11-05,6477,安集,2.50,23.53,110/2,
2021-11-05,6491,晶碩,0.99,35.22,110/2,
2021-11-05,6504,南六,9.64,8.67,110/2,
2021-11-05,6505,台塑化,0.58,18.68,110/3,
2021-11-05,6515,穎崴,4.12,26.38,110/2,
2021-11-05,6525,捷敏-KY,4.39,17.64,110/2,
2021-11-05,6531,愛普*,0.49,36.77,110/3,
2021-11-05,6533,晶心科,0.14,125.36,110/2,
2021-11-05,6541,泰福-KY,0.00,-,110/2,
2021-11-05,6552,易華電,2.56,21.39,110/2,
2021-11-05,6558,興能高,0.92,28.26,110/2,
2021-11-05,6573,虹揚-KY,0.00,-,110/2,
2021-11-05,6579,研揚,4.78,38.47,110/2,
2021-11-05,6581,鋼聯,3.81,16.11,110/3,
2021-11-05,6582,申豐,5.22,5.03,110/3,
2021-11-05,6591,動力-KY,5.45,6.80,110/3,
2021-11-05,6592,和潤企業,3.89,15.71,110/3,
2021-11-05,6598,ABC-KY,0.00,-,110/2,
2021-11-05,6605,帝寶,2.46,9.71,110/2,
2021-11-05,6625,必應,0.00,-,110/2,
2021-11-05,6641,基士德-KY,7.92,8.74,110/2,
2021-11-05,6655,科定,9.40,14.45,110/2,
2021-11-05,6666,羅麗芬-KY,2.90,24.47,110/2,
2021-11-05,6668,中揚光,1.98,85.42,110/2,
2021-11-05,6669,緯穎,3.41,18.73,110/3,
2021-11-05,6670,復盛應用,3.38,13.07,110/2,
2021-11-05,6671,三能-KY,6.36,11.92,110/2,
2021-11-05,6672,騰輝電子-KY,2.42,14.95,110/2,
2021-11-05,6674,鋐寶科技,3.36,35.06,110/2,
2021-11-05,6698,旭暉應材,1.26,74.72,110/3,
2021-11-05,6706,惠特,1.80,27.31,110/2,
2021-11-05,6715,嘉基,2.07,40.57,110/2,
2021-11-05,6743,安普新,4.02,18.91,110/2,
2021-11-05,6754,匯僑設計,6.87,11.78,110/2,
2021-11-05,6756,威鋒電子,1.00,42.18,110/3,
2021-11-05,6768,志強-KY,4.08,35.22,110/2,
2021-11-05,6776,展碁國際,4.92,11.99,110/3,
2021-11-05,6781,AES-KY,0.41,122.87,110/2,
2021-11-05,6790,永豐實,8.27,7.79,110/2,
2021-11-05,8011,台通,0.00,-,110/2,
2021-11-05,8016,矽創,2.81,10.17,110/2,
2021-11-05,8021,尖點,3.55,14.13,110/3,
2021-11-05,8028,昇陽半導體,1.19,44.00,110/3,
2021-11-05,8033,雷虎,0.00,"1,720.00",110/2,
2021-11-05,8039,台虹,5.30,11.95,110/3,
2021-11-05,8046,南電,0.61,57.41,110/2,
2021-11-05,8070,長華*,3.64,20.20,110/2,
2021-11-05,8072,陞泰,0.84,125.00,110/2,
2021-11-05,8081,致新,4.16,13.03,110/2,
2021-11-05,8101,華冠,0.00,-,110/2,
2021-11-05,8103,瀚荃,2.84,14.82,110/2,
2021-11-05,8104,錸寶,6.22,12.48,110/2,
2021-11-05,8105,凌巨,0.00,-,110/2,
2021-11-05,8110,華東,1.14,28.69,110/2,
2021-11-05,8112,至上,6.91,7.75,110/2,
2021-11-05,8114,振樺電,1.65,32.66,110/2,
2021-11-05,8131,福懋科,6.00,11.69,110/3,
2021-11-05,8150,南茂,4.71,10.13,110/2,
2021-11-05,8163,達方,5.79,11.33,110/2,
2021-11-05,8201,無敵,0.00,7.55,110/2,
2021-11-05,8210,勤誠,5.14,10.63,110/2,
2021-11-05,8213,志超,7.31,8.04,110/2,
2021-11-05,8215,明基材,1.88,13.59,110/3,
2021-11-05,8222,寶一,0.00,-,110/2,
2021-11-05,8249,菱光,4.94,20.87,110/2,
2021-11-05,8261,富鼎,0.91,17.14,110/3,
2021-11-05,8271,宇瞻,4.50,9.92,110/3,
2021-11-05,8341,日友,4.02,23.72,110/3,
2021-11-05,8367,建新國際,2.58,8.36,110/2,
2021-11-05,8374,羅昇,1.94,23.23,110/3,
2021-11-05,8404,百和興業-KY,2.71,10.10,110/2,
2021-11-05,8411,福貞-KY,1.82,19.39,110/2,
2021-11-05,8422,可寧衛,4.67,18.09,110/2,
2021-11-05,8427,基勝-KY,0.00,-,110/2,
2021-11-05,8429,金麗-KY,0.00,-,110/2,
2021-11-05,8442,威宏-KY,0.00,-,110/2,
2021-11-05,8443,阿瘦,1.31,-,110/2,
2021-11-05,8454,富邦媒,0.72,102.51,110/3,
2021-11-05,8462,柏文,3.69,-,110/3,
2021-11-05,8463,潤泰材,2.35,55.59,110/2,
2021-11-05,8464,億豐,2.61,21.25,110/2,
2021-11-05,8466,美吉吉-KY,5.52,19.82,110/2,
2021-11-05,8467,波力-KY,0.00,-,110/2,
2021-11-05,8473,山林水,5.04,62.41,110/2,
2021-11-05,8478,東哥遊艇,1.24,26.41,110/2,
2021-11-05,8480,泰昇-KY,5.66,13.47,110/3,
2021-11-05,8481,政伸,9.68,4.82,110/2,
2021-11-05,8482,商億-KY,6.69,9.92,110/2,
2021-11-05,8488,吉源-KY,1.92,9.18,110/2,
2021-11-05,8499,鼎炫-KY,6.45,9.52,110/2,
2021-11-05,8926,台汽電,4.94,24.03,110/2,
2021-11-05,8940,新天地,0.00,-,110/3,
2021-11-05,8996,高力,3.36,42.52,110/2,
2021-11-05,9802,鈺齊-KY,3.84,18.68,110/3,
2021-11-05,9902,台火,2.26,11.42,110/3,
2021-11-05,9904,寶成,1.48,7.03,110/2,
2021-11-05,9905,大華,5.78,13.04,110/2,
2021-11-05,9906,欣巴巴,0.00,-,110/2,
2021-11-05,9907,統一實,3.98,15.83,110/2,
2021-11-05,9908,大台北,3.30,19.03,110/2,
2021-11-05,9910,豐泰,1.70,31.94,110/2,
2021-11-05,9911,櫻花,4.56,14.28,110/2,
2021-11-05,9912,偉聯,0.00,-,110/2,
2021-11-05,9914,美利達,2.36,19.87,110/2,
2021-11-05,9917,中保科,4.88,17.89,110/2,
2021-11-05,9918,欣天然,3.70,20.72,110/2,
2021-11-05,9919,康那香,13.30,6.01,110/2,
2021-11-05,9921,巨大,2.48,19.08,110/2,
2021-11-05,9924,福興,6.46,11.21,110/3,
2021-11-05,9925,新保,5.16,17.69,110/2,
2021-11-05,9926,新海,3.72,20.15,110/3,
2021-11-05,9927,泰銘,3.09,9.43,110/2,
2021-11-05,9928,中視,0.00,-,110/2,
2021-11-05,9929,秋雨,4.19,-,110/2,
2021-11-05,9930,中聯資源,4.42,15.48,110/3,
2021-11-05,9931,欣高,3.29,22.19,110/2,
2021-11-05,9933,中鼎,5.58,21.21,110/3,
2021-11-05,9934,成霖,3.25,11.76,110/2,
2021-11-05,9935,慶豐富,4.28,8.90,110/2,
2021-11-05,9937,全國,4.77,17.72,110/2,
2021-11-05,9938,百和,3.50,12.50,110/2,
2021-11-05,9939,宏全,5.33,9.43,110/2,
2021-11-05,9940,信義,5.26,11.23,110/2,
2021-11-05,9941,裕融,3.55,19.05,110/2,
2021-11-05,9942,茂順,4.77,14.56,110/2,
2021-11-05,9943,好樂迪,6.50,20.10,110/2,
2021-11-05,9944,新麗,1.78,24.67,110/2,
2021-11-05,9945,潤泰新,7.46,6.91,110/2,
2021-11-05,9946,三發地產,5.26,69.09,110/2,
2021-11-05,9955,佳龍,0.00,-,110/2,
2021-11-05,9958,世紀鋼,2.70,20.05,110/2,
