did,ddate,open_price,close_price,volume,high,low,company_id
1,2021/11/12,610,604,128,611,602,2330
2,2021/11/11,600,606,122,606,600,2330
3,2021/11/10,611,612,113,612,608,2330
4,2021/11/9,611,611,259,617,610,2330
5,2021/11/8,600,602,125,602,598,2330
6,2021/11/5,598,600,210,600,595,2330
7,2021/11/4,592,587,111,594,585,2330
8,2021/11/3,597,592,67.7,597,592,2330
9,2021/11/2,594,592,98.1,597,590,2330
10,2021/11/1,591,590,101,593,590,2330
11,2021/10/29,595,590,164,596,589,2330
12,2021/10/28,598,595,101,598,591,2330
13,2021/10/27,598,599,97.1,599,594,2330
14,2021/10/26,595,599,162,600,593,2330
15,2021/10/25,597,593,105,597,590,2330
16,2021/10/22,600,600,85.2,602,594,2330
17,2021/10/21,602,596,101,603,595,2330
18,2021/10/20,603,598,105,604,597,2330
19,2021/10/19,598,600,112,600,593,2330
20,2021/10/18,604,590,118,604,590,2330
21,2021/10/15,592,600,329,600,586,2330
22,2021/10/14,579,573,82.1,579,573,2330
23,2021/10/13,572,571,110,575,570,2330
24,2021/10/12,570,575,155,575,564,2330
25,2021/10/8,582,575,131,583,573,2330
26,2021/10/7,575,580,165,582,572,2330
27,2021/10/6,573,571,193,574,565,2330
28,2021/10/5,562,572,204,572,560,2330
29,2021/10/4,574,572,127,575,569,2330
30,2021/10/1,579,574,224,579,571,2330
31,2021/9/30,580,580,211,585,575,2330
32,2021/9/29,580,580,300,583,577,2330
33,2021/9/28,595,594,103,596,592,2330
34,2021/9/27,600,602,120,602,593,2330
35,2021/9/24,591,598,103,598,590,2330
36,2021/9/23,588,588,134,593,588,2330
37,2021/9/22,586,586,251,589,583,2330
38,2021/9/17,600,600,255,610,599,2330
39,2021/9/16,603,600,140,607,599,2330
40,2021/9/15,610,607,159,613,607,2330
41,2021/9/14,618,613,98.5,618,612,2330
42,2021/9/13,619,615,97.4,620,613,2330
43,2021/9/10,615,622,104,623,614,2330
44,2021/9/9,612,619,119,620,610,2330
45,2021/9/8,622,619,240,627,612,2330
46,2021/9/7,634,623,172,634,623,2330
47,2021/9/6,623,631,373,638,621,2330
48,2021/9/3,610,620,333,620,610,2330
49,2021/9/2,613,607,163,615,607,2330
50,2021/9/1,614,613,191,614,608,2330
51,2021/8/31,604,614,359,614,598,2330
52,2021/8/30,602,605,244,605,599,2330
53,2021/8/27,596,599,176,600,593,2330
54,2021/8/26,601,594,268,603,591,2330
55,2021/8/25,579,585,168,585,574,2330
56,2021/8/24,574,572,157,575,571,2330
57,2021/8/23,560,566,197,572,559,2330
58,2021/8/20,560,552,266,563,551,2330
59,2021/8/19,573,559,238,573,559,2330
60,2021/8/18,568,574,269,575,566,2330
61,2021/8/17,580,580,185,582,578,2330
62,2021/8/16,582,584,116,586,578,2330
63,2021/8/13,585,581,148,585,579,2330
64,2021/8/12,586,586,93.8,588,584,2330
65,2021/8/11,590,590,119,590,585,2330
66,2021/8/10,596,591,104,596,589,2330
67,2021/8/9,590,595,104,595,583,2330
68,2021/8/6,596,591,82.8,596,588,2330
69,2021/8/5,598,596,93.4,598,593,2330
70,2021/8/4,598,596,141,598,594,2330
71,2021/8/3,594,594,167,594,590,2330
72,2021/8/2,583,590,146,590,580,2330
73,2021/7/30,581,580,152,582,578,2330
74,2021/7/29,585,583,145,585,577,2330
75,2021/7/28,576,579,229,579,573,2330
76,2021/7/27,581,580,110,584,580,2330
77,2021/7/26,591,580,131,591,580,2330
78,2021/7/23,592,585,92.1,592,583,2330
79,2021/7/22,589,591,160,594,587,2330
80,2021/7/21,586,585,154,586,580,2330
81,2021/7/20,579,581,95,584,579,2330
82,2021/7/19,583,582,251,584,578,2330
83,2021/7/16,591,589,366,595,588,2330
84,2021/7/15,613,614,141,614,608,2330
85,2021/7/14,613,613,243,615,608,2330
86,2021/7/13,600,607,332,608,599,2330
87,2021/7/12,595,593,196,597,590,2330
88,2021/7/9,582,584,178,585,580,2330
89,2021/7/8,595,588,127,595,588,2330
90,2021/7/7,590,594,102,594,588,2330
91,2021/7/6,595,592,81.8,596,589,2330
92,2021/7/5,588,591,180,597,588,2330
93,2021/7/2,590,588,116,593,587,2330
94,2021/7/1,596,593,111,597,591,2330
95,2021/6/30,599,595,203,599,595,2330
96,2021/6/29,598,595,184,598,591,2330
97,2021/6/28,590,590,90.6,590,586,2330
98,2021/6/25,598,591,114,598,589,2330
99,2021/6/24,598,590,114,598,588,2330
100,2021/6/23,583,595,215,598,581,2330
101,2021/6/22,585,578,178,588,578,2330
102,2021/6/21,590,583,277,594,583,2330
103,2021/6/18,608,603,254,608,601,2330
104,2021/6/17,601,606,159,606,598,2330
105,2021/6/16,608,605,174,608,605,2330
106,2021/6/15,607,609,184,609,606,2330
107,2021/6/11,602,602,150,603,600,2330
108,2021/6/10,591,599,177,599,587,2330
109,2021/6/9,586,586,126,588,583,2330
110,2021/6/8,590,589,83.1,595,588,2330
111,2021/6/7,594,592,105,595,583,2330
112,2021/6/4,591,595,95.2,595,590,2330
113,2021/6/3,600,596,189,600,596,2330
114,2021/6/2,600,595,134,600,593,2330
115,2021/6/1,598,598,110,599,595,2330
116,2021/5/31,595,597,188,597,590,2330
117,2021/5/28,587,590,181,592,582,2330
118,2021/5/27,580,582,406,582,573,2330
119,2021/5/26,587,585,114,588,581,2330
120,2021/5/25,576,583,205,584,573,2330
121,2021/5/24,570,568,90.9,572,566,2330
122,2021/5/21,572,573,160,577,568,2330
123,2021/5/20,567,567,207,571,560,2330
124,2021/5/19,571,567,168,572,565,2330
125,2021/5/18,563,572,252,573,555,2330
126,2021/5/17,544,549,321,558,541,2330
127,2021/5/14,556,557,215,562,552,2330
128,2021/5/13,547,547,395,563,541,2330
129,2021/5/12,567,560,763,571,518,2330
130,2021/5/11,579,571,379,580,570,2330
131,2021/5/10,596,589,126,597,588,2330
132,2021/5/7,594,599,171,600,589,2330
133,2021/5/6,590,587,194,590,580,2330
134,2021/5/5,594,585,186,594,585,2330
135,2021/5/4,588,591,268,594,582,2330
136,2021/5/3,595,588,277,597,588,2330
137,2021/4/29,609,600,216,609,600,2330
138,2021/4/28,606,602,148,608,601,2330
139,2021/4/27,608,610,163,611,605,2330
140,2021/4/26,605,610,197,610,603,2330
141,2021/4/23,592,602,173,602,590,2330
142,2021/4/22,596,591,226,598,591,2330
143,2021/4/21,599,592,249,599,592,2330
144,2021/4/20,598,602,220,602,595,2330
145,2021/4/19,605,603,152,607,601,2330
146,2021/4/16,610,610,303,611,603,2330
147,2021/4/15,612,619,223,619,607,2330
148,2021/4/14,608,612,189,612,600,2330
149,2021/4/13,604,605,166,613,604,2330
150,2021/4/12,612,605,142,613,603,2330
151,2021/4/9,618,610,193,618,609,2330
152,2021/4/8,606,613,162,613,603,2330
153,2021/4/7,614,610,172,614,608,2330
154,2021/4/6,615,610,230,616,608,2330
155,2021/4/1,598,602,275,602,594,2330
156,2021/3/31,596,587,262,597,587,2330
157,2021/3/30,600,597,207,600,592,2330
158,2021/3/29,599,599,243,602,596,2330
159,2021/3/26,582,590,223,592,580,2330
160,2021/3/25,572,575,426,581,570,2330
161,2021/3/24,571,576,666,582,571,2330
162,2021/3/23,597,594,191,603,593,2330
163,2021/3/22,588,593,212,598,586,2330
164,2021/3/19,594,591,444,598,591,2330
165,2021/3/18,606,602,183,609,602,2330
166,2021/3/17,612,604,266,612,602,2330
167,2021/3/16,610,613,231,613,607,2330
168,2021/3/15,614,611,182,614,609,2330
169,2021/3/12,615,614,208,618,609,2330
170,2021/3/11,596,609,336,612,595,2330
171,2021/3/10,601,597,249,601,593,2330
172,2021/3/9,585,595,440,595,585,2330
173,2021/3/8,608,598,287,610,598,2330
174,2021/3/5,588,601,510,605,584,2330
175,2021/3/4,609,601,457,611,601,2330
176,2021/3/3,609,622,376,622,601,2330
177,2021/3/2,621,609,356,622,609,2330
178,2021/2/26,611,606,842,618,606,2330
179,2021/2/25,636,635,286,636,628,2330
180,2021/2/24,627,625,503,636,625,2330
181,2021/2/23,641,641,338,643,633,2330
182,2021/2/22,660,650,259,662,650,2330
183,2021/2/19,656,652,337,657,647,2330
184,2021/2/18,664,660,360,665,656,2330
185,2021/2/17,663,663,767,668,660,2330
186,2021/2/5,638,632,364,641,631,2330
187,2021/2/4,626,627,298,632,620,2330
188,2021/2/3,638,630,379,642,630,2330
189,2021/2/2,629,632,509,638,622,2330
190,2021/2/1,595,611,420,612,587,2330
191,2021/1/29,619,591,584,619,591,2330
192,2021/1/28,600,601,626,608,598,2330
193,2021/1/27,618,615,449,625,611,2330
194,2021/1/26,632,617,716,640,610,2330
195,2021/1/25,642,633,626,646,626,2330
196,2021/1/22,649,649,880,665,649,2330
197,2021/1/21,640,673,646,679,640,2330
198,2021/1/20,633,647,613,650,631,2330
199,2021/1/19,618,627,329,632,613,2330
200,2021/1/18,608,607,304,608,594,2330
201,2021/1/15,621,601,619,625,601,2330
202,2021/1/14,587,592,535,597,587,2330
203,2021/1/13,595,605,454,605,593,2330
204,2021/1/12,583,591,310,597,582,2330
205,2021/1/11,577,584,305,584,574,2330
206,2021/1/8,580,580,363,580,571,2330
207,2021/1/7,554,565,300,570,553,2330
208,2021/1/6,555,549,306,555,541,2330
209,2021/1/5,536,542,188,542,535,2330
210,2021/1/4,530,536,211,540,528,2330
211,2020/12/31,526,530,164,530,524,2330
212,2020/12/30,516,525,243,525,514,2330
213,2020/12/29,515,515,104,517,513,2330
214,2020/12/28,512,515,100,515,509,2330
215,2020/12/25,514,511,64.5,515,510,2330
216,2020/12/24,511,510,77.6,512,508,2330
217,2020/12/23,508,509,93.2,511,506,2330
218,2020/12/22,512,509,131,516,509,2330
219,2020/12/21,512,516,180,517,508,2330
220,2020/12/18,508,510,207,512,507,2330
221,2020/12/17,515,508,201,515,508,2330
222,2020/12/16,509,512,275,515,507,2330
223,2020/12/15,507,504,218,510,504,2330
224,2020/12/14,512,508,157,513,508,2330
225,2020/12/11,517,516,263,517,505,2330
226,2020/12/10,511,512,225,515,510,2330
227,2020/12/9,521,520,244,524,520,2330
228,2020/12/8,514,524,217,525,509,2330
229,2020/12/7,512,514,232,515,506,2330
230,2020/12/4,498.5,503,273,505,497.5,2330
231,2020/12/3,499.5,497,184,499.5,495,2330
232,2020/12/2,499.5,499,300,500,493.5,2330
233,2020/12/1,489.5,490,187,490,483.5,2330
234,2020/11/30,493,480.5,721,493.5,480.5,2330
235,2020/11/27,487.5,489,172,492,486.5,2330
236,2020/11/26,489,489,156,493.5,488,2330
237,2020/11/25,495,487,231,495.5,487,2330
238,2020/11/24,499.5,492,191,500,491.5,2330
239,2020/11/23,494.5,496.5,217,498.5,492,2330
240,2020/11/20,486,488,172,490,486,2330
241,2020/11/19,499,490,233,499,490,2330
242,2020/11/18,490,497,279,497,486.5,2330
243,2020/11/17,502,485.5,374,506,485.5,2330
244,2020/11/16,470,484,397,484.5,469,2330
245,2021/11/12,108.5,109,29.1,109.5,108,2317
246,2021/11/11,108.5,107.5,20.2,109,107.5,2317
247,2021/11/10,108,109,25,109.5,107.5,2317
248,2021/11/9,107.5,108,25.8,108,107,2317
249,2021/11/8,107.5,107.5,22.4,108,107,2317
250,2021/11/5,108,109,19.2,109,107.5,2317
251,2021/11/4,108.5,108,12.3,108.5,107.5,2317
252,2021/11/3,107.5,107.5,13.3,108.5,107.5,2317
253,2021/11/2,107,107.5,23,108.5,107,2317
254,2021/11/1,108,106.5,19.5,108,106.5,2317
255,2021/10/29,108.5,107,22.3,108.5,107,2317
256,2021/10/28,108,108.5,15.4,109,107.5,2317
257,2021/10/27,109,108,17.2,109,107.5,2317
258,2021/10/26,108.5,109,19.7,109.5,108,2317
259,2021/10/25,107.5,108,23,109,107,2317
260,2021/10/22,108,107.5,15.9,108.5,107,2317
261,2021/10/21,108,108,33,108.5,107,2317
262,2021/10/20,107.5,107.5,31.7,108.5,106.5,2317
263,2021/10/19,108.5,107,28.4,109,106.5,2317
264,2021/10/18,110.5,107.5,46.1,111,107,2317
265,2021/10/15,108,109.5,53.7,110,107.5,2317
266,2021/10/14,107,106.5,19,107.5,106.5,2317
267,2021/10/13,106,105.5,19.8,106.5,104.5,2317
268,2021/10/12,106.5,105,40.8,107,104.5,2317
269,2021/10/8,107.5,108,29.6,108,106.5,2317
270,2021/10/7,104.5,107,40.8,107,104,2317
271,2021/10/6,103.5,103,41.8,104.5,103,2317
272,2021/10/5,102,101.5,44,102.5,101,2317
273,2021/10/4,104.5,103,26.3,105,102.5,2317
274,2021/10/1,104.5,103,37.4,105,103,2317
275,2021/9/30,105,105,25.5,106,104,2317
276,2021/9/29,105,105,34.4,105.5,104.5,2317
277,2021/9/28,107,106.5,23.8,107.5,106,2317
278,2021/9/27,107,107.5,15,108.5,107,2317
279,2021/9/24,107.5,107.5,16.5,108,107,2317
280,2021/9/23,107,106.5,20.3,108,106,2317
281,2021/9/22,106.5,107,41.4,107.5,106,2317
282,2021/9/17,107.5,108.5,50.6,109.5,107,2317
283,2021/9/16,108.5,107.5,24.9,109.5,107.5,2317
284,2021/9/15,108,108.5,70,110.5,107.5,2317
285,2021/9/14,107.5,107.5,20.7,108,106.5,2317
286,2021/9/13,107.5,106.5,16.5,108,106.5,2317
287,2021/9/10,107,108,14.4,108.5,107,2317
288,2021/9/9,106.5,107,21.9,107.5,106,2317
289,2021/9/8,108.5,107.5,31,109.5,107,2317
290,2021/9/7,109.5,108.5,25.4,110,108,2317
291,2021/9/6,112.5,111,20.6,113,110.5,2317
292,2021/9/3,112,112.5,27.5,113,111.5,2317
293,2021/9/2,111,111.5,33.2,113,110.5,2317
294,2021/9/1,111,111,24.8,112,110,2317
295,2021/8/31,108.5,111,33.7,111,108,2317
296,2021/8/30,108.5,109,15.2,109,107.5,2317
297,2021/8/27,107.5,108,15,108.5,106.5,2317
298,2021/8/26,108.5,107.5,14.2,109,107,2317
299,2021/8/25,109,108.5,15.7,109,107.5,2317
300,2021/8/24,108.5,109,19.5,109,107.5,2317
301,2021/8/23,105.5,107.5,25.7,108,105.5,2317
302,2021/8/20,104,104.5,31.8,106,102,2317
303,2021/8/19,106,103,54.3,106,102.5,2317
304,2021/8/18,105.5,107,39.1,107.5,104.5,2317
305,2021/8/17,107.5,106.5,27.9,108,106,2317
306,2021/8/16,108.5,107.5,37.6,109,106.5,2317
307,2021/8/13,109.5,109,51,110,108,2317
308,2021/8/12,109,109,20.3,109.5,108,2317
309,2021/8/11,107,109,53.7,109,106,2317
310,2021/8/10,111.5,108.5,47.6,112,108.5,2317
311,2021/8/9,112,112,26,112.5,111,2317
312,2021/8/6,111.5,112.5,46.4,113,111,2317
313,2021/8/5,111,112,22.3,112,111,2317
314,2021/8/4,112,112,23.8,112.5,111,2317
315,2021/8/3,112.5,111.5,27.5,113,110.5,2317
316,2021/8/2,111,113,27.4,113,110,2317
317,2021/7/30,110,110,32.1,111.5,109.5,2317
318,2021/7/29,111,111,23.2,111.5,110,2317
319,2021/7/28,110.5,110.5,36,111,109,2317
320,2021/7/27,111,111.5,31.5,112,110,2317
321,2021/7/26,111,110,37,111,108.5,2317
322,2021/7/23,112,110.5,24.1,112,110,2317
323,2021/7/22,109,110.5,66.4,112.5,108.5,2317
324,2021/7/21,116,112.5,72.5,116,112,2317
325,2021/7/20,115,114.5,30.4,116,114.5,2317
326,2021/7/19,118.5,116.5,37.4,119,116,2317
327,2021/7/16,118.5,119.5,40.2,119.5,118,2317
328,2021/7/15,117,119.5,74.9,120,116.5,2317
329,2021/7/14,117.5,116,31.8,117.5,116,2317
330,2021/7/13,116,116.5,42.9,117,115.5,2317
331,2021/7/12,115.5,115,20.3,116,114.5,2317
332,2021/7/9,114.5,114,32.6,115,113,2317
333,2021/7/8,115,115.5,27.6,116.5,115,2317
334,2021/7/7,116.5,115,32.4,117,115,2317
335,2021/7/6,116.5,116.5,51.4,117.5,115.5,2317
336,2021/7/5,112.5,117,93,117,112,2317
337,2021/7/2,112,111.5,18.7,112.5,111.5,2317
338,2021/7/1,112.5,112,17.9,112.5,111.5,2317
339,2021/6/30,112,112,35.2,113.5,112,2317
340,2021/6/29,112.5,111.5,19.9,112.5,111.5,2317
341,2021/6/28,113,111.5,26.7,113.5,111,2317
342,2021/6/25,114,113,40.9,115,113,2317
343,2021/6/24,111.5,113,36.3,114,111,2317
344,2021/6/23,109,111.5,30.8,112,108.5,2317
345,2021/6/22,109.5,108.5,24.2,110,108.5,2317
346,2021/6/21,110.5,108.5,38.5,110.5,108.5,2317
347,2021/6/18,112.5,111.5,34.5,113,111.5,2317
348,2021/6/17,110.5,113,20.3,113,110,2317
349,2021/6/16,112,111.5,26.9,113,111.5,2317
350,2021/6/15,113.5,113,26.7,114.5,112,2317
351,2021/6/11,111.5,113.5,43.8,114.5,111.5,2317
352,2021/6/10,110,110.5,21.5,111.5,109.5,2317
353,2021/6/9,110,109.5,26.3,111,109.5,2317
354,2021/6/8,111,110.5,20.6,111.5,110,2317
355,2021/6/7,112.5,110.5,22.7,112.5,109,2317
356,2021/6/4,110,112,33.2,112.5,109,2317
357,2021/6/3,113,111,26.9,113,110.5,2317
358,2021/6/2,115,112,37.4,115.5,111,2317
359,2021/6/1,114.5,114.5,25.6,115,113.5,2317
360,2021/5/31,112,113.5,38.8,113.5,111.5,2317
361,2021/5/28,110.5,111,29.9,111.5,110,2317
362,2021/5/27,110,109.5,67,110.5,107.5,2317
363,2021/5/26,113.5,111.5,27.7,113.5,110.5,2317
364,2021/5/25,111,112,57.6,113,110.5,2317
365,2021/5/24,108.5,109.5,34,110,108,2317
366,2021/5/21,108,109.5,59.2,110,108,2317
367,2021/5/20,105,106,48.3,106.5,104.5,2317
368,2021/5/19,106.5,105,50.1,106.5,104,2317
369,2021/5/18,101.5,107,85.8,107.5,101,2317
370,2021/5/17,100,98.2,97.3,102,97.1,2317
371,2021/5/14,105,104.5,46.3,106,103.5,2317
372,2021/5/13,99.5,103,72.6,105,98.2,2317
373,2021/5/12,104,102,152,106.5,96.5,2317
374,2021/5/11,109.5,107,87.6,110,106,2317
375,2021/5/10,116,113,47.8,116.5,113,2317
376,2021/5/7,114.5,117.5,70.6,117.5,114,2317
377,2021/5/6,112,112.5,42.7,113,110.5,2317
378,2021/5/5,110,110,73.4,113.5,110,2317
379,2021/5/4,112,108.5,98,112,107.5,2317
380,2021/5/3,115,112.5,82.1,115,112,2317
381,2021/4/29,118,116,54,118.5,116,2317
382,2021/4/28,118,117,46.2,118.5,117,2317
383,2021/4/27,118.5,118.5,65.2,120.5,118,2317
384,2021/4/26,119.5,117.5,49.2,120,117.5,2317
385,2021/4/23,117,119,46.7,119,117,2317
386,2021/4/22,122,117.5,81.3,122,117.5,2317
387,2021/4/21,121,120,42.7,121.5,120,2317
388,2021/4/20,121.5,122,32,122,121,2317
389,2021/4/19,123.5,121.5,39.6,123.5,121.5,2317
390,2021/4/16,122,123.5,65.5,124,122,2317
391,2021/4/15,121,121,47.9,121,119.5,2317
392,2021/4/14,123,121.5,65,123.5,119,2317
393,2021/4/13,121.5,122.5,61,123,121,2317
394,2021/4/12,120,120.5,84.1,122,119,2317
395,2021/4/9,123,120,98.4,123,120,2317
396,2021/4/8,123,122.5,47.9,123,121.5,2317
397,2021/4/7,124,123.5,42,124.5,122.5,2317
398,2021/4/6,123.5,122.5,51.7,124,122,2317
399,2021/4/1,124.5,121.5,120,125.5,120.5,2317
400,2021/3/31,125,124,165,126.5,123,2317
401,2021/3/30,129.5,129.5,61.6,130,128.5,2317
402,2021/3/29,128,128.5,53.4,129,127.5,2317
403,2021/3/26,127.5,126.5,67.6,128,126,2317
404,2021/3/25,127,126.5,87.7,129.5,125.5,2317
405,2021/3/24,130,128,107,132,126.5,2317
406,2021/3/23,133,130.5,151,134.5,130,2317
407,2021/3/22,124,130,140,130,124,2317
408,2021/3/19,127,123.5,210,127,123.5,2317
409,2021/3/18,128,129.5,181,131.5,128,2317
410,2021/3/17,123.5,126,183,128,123,2317
411,2021/3/16,121.5,123,115,123.5,121,2317
412,2021/3/15,120,121,84.3,122,118.5,2317
413,2021/3/12,117.5,120,117,120,117.5,2317
414,2021/3/11,116.5,117,88.9,118,116,2317
415,2021/3/10,116,115.5,56.8,117,115,2317
416,2021/3/9,113,115,50.2,115,112,2317
417,2021/3/8,116,113.5,62.8,116.5,113,2317
418,2021/3/5,113.5,115,100,116,112.5,2317
419,2021/3/4,115.5,114.5,90.6,116,112,2317
420,2021/3/3,113,115.5,104,116,112,2317
421,2021/3/2,114.5,112,62.1,114.5,112,2317
422,2021/2/26,114.5,112,138,115,112,2317
423,2021/2/25,115,116.5,130,116.5,114,2317
424,2021/2/24,112,110.5,66.5,114,110.5,2317
425,2021/2/23,109.5,111.5,56.9,112.5,108.5,2317
426,2021/2/22,111.5,111,68.2,114,111,2317
427,2021/2/19,112,110,97,112.5,109.5,2317
428,2021/2/18,113.5,113,53.8,114.5,113,2317
429,2021/2/17,115,114,104,116,112.5,2317
430,2021/2/5,115,113.5,101,116.5,113,2317
431,2021/2/4,114.5,114,74,116,113,2317
432,2021/2/3,118,116.5,71.4,118.5,115,2317
433,2021/2/2,115,116.5,98.3,118,114,2317
434,2021/2/1,111,113,140,114.5,108,2317
435,2021/1/29,119,111.5,209,120,111.5,2317
436,2021/1/28,120,118.5,150,121,118,2317
437,2021/1/27,124,123,123,124.5,122.5,2317
438,2021/1/26,122.5,122,159,125,120,2317
439,2021/1/25,122,123,174,124,117.5,2317
440,2021/1/22,117.5,121.5,268,121.5,117,2317
441,2021/1/21,116.5,117,103,117.5,115,2317
442,2021/1/20,116.5,114.5,155,118.5,114,2317
443,2021/1/19,115,115,110,116.5,114,2317
444,2021/1/18,115.5,114,108,116,111,2317
445,2021/1/15,118,115.5,198,119,113,2317
446,2021/1/14,109,116,364,117,108,2317
447,2021/1/13,105,106.5,88.6,107,105,2317
448,2021/1/12,106.5,104,111,107,103,2317
449,2021/1/11,108,107.5,75.8,109,106.5,2317
450,2021/1/8,109,108,124,109.5,106,2317
451,2021/1/7,108,107,122,108,105.5,2317
452,2021/1/6,107.5,105,235,109,102,2317
453,2021/1/5,101,104,242,105,101,2317
454,2021/1/4,93.4,99.9,226,100,93.3,2317
455,2020/12/31,91.5,92,29.7,92,91.1,2317
456,2020/12/30,91,91.6,36.9,91.6,90.1,2317
457,2020/12/29,91.8,90.4,41.9,91.8,90.4,2317
458,2020/12/28,92.4,91.8,62.4,93,91.8,2317
459,2020/12/25,90.9,91.8,105,92.2,90.8,2317
460,2020/12/24,89.5,89.6,36.9,89.9,89,2317
461,2020/12/23,88.5,88.8,50,89.4,88.3,2317
462,2020/12/22,88,87.7,83.7,90.5,87.5,2317
463,2020/12/21,88.1,88,25.4,88.5,86.9,2317
464,2020/12/18,88.1,87.7,24.4,88.2,87.5,2317
465,2020/12/17,88.3,87.8,24.7,88.4,87.6,2317
466,2020/12/16,88,88.2,41.3,88.2,87.4,2317
467,2020/12/15,88.3,87.1,33.9,88.3,86.5,2317
468,2020/12/14,88.3,87.7,42.4,89,87.7,2317
469,2020/12/11,88.5,87.6,53.5,88.5,85.8,2317
470,2020/12/10,88.4,87.7,48,88.7,87.1,2317
471,2020/12/9,88.5,89,60.3,89.3,88.2,2317
472,2020/12/8,88.4,87.6,105,89.7,87.3,2317
473,2020/12/7,83.3,87.9,141,88.1,83.1,2317
474,2020/12/4,83,82.9,39.9,83.4,82.6,2317
475,2020/12/3,82.3,82,25.2,82.4,81.9,2317
476,2020/12/2,83,82.7,31.9,83.3,82.4,2317
477,2020/12/1,82.5,82.9,20.5,82.9,82.2,2317
478,2020/11/30,82.7,82.3,54.4,83,82,2317
479,2020/11/27,83,82.6,17.8,83,82.5,2317
480,2020/11/26,82.6,83,29.6,83.2,82.5,2317
481,2020/11/25,82.4,82,19.2,82.5,81.5,2317
482,2020/11/24,83.1,82,18.9,83.1,82,2317
483,2020/11/23,82.9,82.9,20.4,83.2,82.5,2317
484,2020/11/20,83.3,82.5,20.5,83.3,82.1,2317
485,2020/11/19,82.7,82.9,19.9,83.2,82.5,2317
486,2020/11/18,82.9,83.2,25.8,83.4,82.7,2317
487,2020/11/17,83.1,83,37.6,83.3,82.3,2317
488,2020/11/16,82,82.6,41.8,82.9,81.9,2317
489,2021/11/12,112,112.5,8.48,112.5,112,2412
490,2021/11/11,112,112.5,12.1,112.5,111,2412
491,2021/11/10,111.5,112,9.64,112,111,2412
492,2021/11/9,111,111.5,6.94,111.5,110.5,2412
493,2021/11/8,111,111.5,9.75,111.5,110.5,2412
494,2021/11/5,111,111,7.47,111,110.5,2412
495,2021/11/4,110.5,111,6.31,111,110.5,2412
496,2021/11/3,110.5,110.5,9.39,111,110,2412
497,2021/11/2,111,110.5,8.31,111,110,2412
498,2021/11/1,111,111,7.43,111,110.5,2412
499,2021/10/29,110.5,110.5,8.4,111,110,2412
500,2021/10/28,111,110,10.4,111,110,2412
501,2021/10/27,110.5,110.5,5.9,111,110.5,2412
502,2021/10/26,111,110.5,13.9,111,110.5,2412
503,2021/10/25,111,111,12.4,111.5,110.5,2412
504,2021/10/22,110.5,111.5,7.9,111.5,110.5,2412
505,2021/10/21,111,110.5,8.64,111.5,110.5,2412
506,2021/10/20,111,111,8.43,111.5,110.5,2412
507,2021/10/19,111,111.5,5.65,111.5,111,2412
508,2021/10/18,111,111,6.81,111.5,110.5,2412
509,2021/10/15,110.5,111,10.4,111,110.5,2412
510,2021/10/14,111.5,110.5,8.52,111.5,110.5,2412
511,2021/10/13,111.5,111.5,9.59,111.5,110.5,2412
512,2021/10/12,111,111.5,19.6,111.5,110.5,2412
513,2021/10/8,111,111.5,13.2,112,111,2412
514,2021/10/7,111.5,111.5,7.42,111.5,111,2412
515,2021/10/6,110.5,111,10.5,111,110.5,2412
516,2021/10/5,111,110.5,7.85,111,110.5,2412
517,2021/10/4,111,111,6.87,111,110.5,2412
518,2021/10/1,110.5,110.5,11.3,111,110,2412
519,2021/9/30,111,110.5,12.7,111.5,110.5,2412
520,2021/9/29,111,111.5,11.3,111.5,110.5,2412
521,2021/9/28,111,111,6.06,111.5,111,2412
522,2021/9/27,111.5,111,4.1,111.5,111,2412
523,2021/9/24,111.5,111.5,3.74,111.5,111,2412
524,2021/9/23,111,111,6.45,111.5,111,2412
525,2021/9/22,110.5,111,13,111.5,110,2412
526,2021/9/17,111.5,111,12.1,111.5,111,2412
527,2021/9/16,111,111.5,7.4,111.5,111,2412
528,2021/9/15,111,111,8.25,112,111,2412
529,2021/9/14,111,111,7.51,111.5,110.5,2412
530,2021/9/13,111,111,6.67,111,110.5,2412
531,2021/9/10,110.5,110.5,4.57,111,110.5,2412
532,2021/9/9,111,110.5,4.59,111.5,110.5,2412
533,2021/9/8,111.5,111,12.2,111.5,110.5,2412
534,2021/9/7,111,111,7.8,111.5,111,2412
535,2021/9/6,111,111,8.87,111.5,110.5,2412
536,2021/9/3,111,111,7.04,111.5,111,2412
537,2021/9/2,110.5,111,4.91,111.5,110.5,2412
538,2021/9/1,112,110.5,13.8,112.5,110.5,2412
539,2021/8/31,111.5,112,23.9,112.5,111,2412
540,2021/8/30,110.5,111,12.5,111.5,110,2412
541,2021/8/27,110,110,9.01,110.5,109.5,2412
542,2021/8/26,110,110,13.8,110.5,109.5,2412
543,2021/8/25,110.5,110,42,111,109,2412
544,2021/8/24,115.5,115.5,17.4,116,115,2412
545,2021/8/23,116,115.5,10,116.5,115.5,2412
546,2021/8/20,116.5,116,13.3,117,115.5,2412
547,2021/8/19,117.5,116.5,10.9,117.5,116,2412
548,2021/8/18,117.5,117.5,7.93,117.5,117,2412
549,2021/8/17,117.5,117.5,12.4,117.5,117,2412
550,2021/8/16,117.5,117.5,10.5,117.5,117,2412
551,2021/8/13,118,117.5,8.81,118,116.5,2412
552,2021/8/12,118,118,11.4,118.5,117.5,2412
553,2021/8/11,118,118,10.8,118,117.5,2412
554,2021/8/10,118,118,9.84,118,117,2412
555,2021/8/9,117.5,117.5,6.24,118,117,2412
556,2021/8/6,118,117.5,12.3,118,117.5,2412
557,2021/8/5,117.5,118,17.2,118,117,2412
558,2021/8/4,117,117.5,12.6,117.5,116.5,2412
559,2021/8/3,116.5,117,11.4,117,116.5,2412
560,2021/8/2,115.5,116.5,12.5,116.5,115.5,2412
561,2021/7/30,116.5,115,7.78,116.5,115,2412
562,2021/7/29,115.5,116.5,7.9,116.5,115.5,2412
563,2021/7/28,115.5,116,8.84,116,114.5,2412
564,2021/7/27,115,115.5,5.27,115.5,114.5,2412
565,2021/7/26,115,115,4.19,115.5,114.5,2412
566,2021/7/23,115.5,115,6.3,116,115,2412
567,2021/7/22,115,116,8.47,116,115,2412
568,2021/7/21,114.5,115,6.6,115,114.5,2412
569,2021/7/20,114.5,115,4.09,115,114.5,2412
570,2021/7/19,114,115,4.81,115,114,2412
571,2021/7/16,114,115,7.72,115,113.5,2412
572,2021/7/15,114,114.5,5.19,114.5,114,2412
573,2021/7/14,114.5,114.5,5.7,114.5,114,2412
574,2021/7/13,114,114.5,7.6,114.5,113.5,2412
575,2021/7/12,114.5,113.5,4.58,114.5,113.5,2412
576,2021/7/9,113.5,114.5,3.84,114.5,113.5,2412
577,2021/7/8,114,114,4.03,114.5,113.5,2412
578,2021/7/7,114,114,3.4,114.5,113.5,2412
579,2021/7/6,114,114,5.82,114.5,113.5,2412
580,2021/7/5,114.5,114.5,4.45,114.5,114,2412
581,2021/7/2,113.5,114,6.52,114,113.5,2412
582,2021/7/1,114,113.5,6.9,114.5,113.5,2412
583,2021/6/30,114,114,7.48,114.5,113.5,2412
584,2021/6/29,114,114,4.42,114.5,114,2412
585,2021/6/28,114.5,114,3.67,115,114,2412
586,2021/6/25,114,114.5,4.11,114.5,114,2412
587,2021/6/24,114.5,114,3.66,115,114,2412
588,2021/6/23,114,114.5,7.24,115,113.5,2412
589,2021/6/22,114,114,5.83,114.5,113.5,2412
590,2021/6/21,113.5,113.5,4.49,114,113,2412
591,2021/6/18,114,113.5,13.6,114.5,113.5,2412
592,2021/6/17,114,114.5,4.33,114.5,114,2412
593,2021/6/16,114,115,7,115,114,2412
594,2021/6/15,114.5,114.5,5.22,115,114,2412
595,2021/6/11,114.5,114.5,6.18,115,114,2412
596,2021/6/10,114,114.5,3.74,114.5,113.5,2412
597,2021/6/9,114,114,3.78,114.5,114,2412
598,2021/6/8,114.5,114.5,4.43,114.5,113.5,2412
599,2021/6/7,114,114,4.12,114,113,2412
600,2021/6/4,113.5,114,4.82,114,113.5,2412
601,2021/6/3,114,114,4.12,114.5,113,2412
602,2021/6/2,113.5,114,4.34,114,113.5,2412
603,2021/6/1,113.5,113.5,2.39,114,113,2412
604,2021/5/31,113.5,113.5,6.61,114,113,2412
605,2021/5/28,113,113,7.7,113.5,112.5,2412
606,2021/5/27,113.5,112,28.4,113.5,112,2412
607,2021/5/26,113.5,113,5.66,114,113,2412
608,2021/5/25,113,114,6.8,114,113,2412
609,2021/5/24,113.5,113,8.25,113.5,112.5,2412
610,2021/5/21,113.5,114.5,14.5,114.5,113.5,2412
611,2021/5/20,112.5,113.5,9.55,113.5,112,2412
612,2021/5/19,113,112.5,5.34,113.5,112.5,2412
613,2021/5/18,112,113.5,13.8,113.5,112,2412
614,2021/5/17,112,112.5,11.4,113.5,111.5,2412
615,2021/5/14,111.5,113.5,12.4,113.5,111,2412
616,2021/5/13,112,111,15.7,112.5,111,2412
617,2021/5/12,114,112.5,31.6,114.5,108.5,2412
618,2021/5/11,113.5,114.5,12.7,114.5,113,2412
619,2021/5/10,114,114,6.66,114,113,2412
620,2021/5/7,113,113.5,4.29,113.5,113,2412
621,2021/5/6,112.5,113,6.85,113,112.5,2412
622,2021/5/5,112.5,112,9.2,113,112,2412
623,2021/5/4,113.5,112.5,18.8,114,112,2412
624,2021/5/3,113.5,113,10.1,114,113,2412
625,2021/4/29,113.5,114,5,114,113,2412
626,2021/4/28,114,114,9.35,114,113,2412
627,2021/4/27,114,114,10.3,114,113,2412
628,2021/4/26,114,114,9.09,114,113.5,2412
629,2021/4/23,114.5,114,6.85,114.5,113.5,2412
630,2021/4/22,114,114.5,11.6,115,114,2412
631,2021/4/21,115,114.5,9.99,115,114,2412
632,2021/4/20,114.5,115,9.7,115,114,2412
633,2021/4/19,114,114.5,9.25,114.5,113.5,2412
634,2021/4/16,114,114,12.7,114.5,113.5,2412
635,2021/4/15,113,114,16.8,114,113,2412
636,2021/4/14,111.5,113,37.8,114,111.5,2412
637,2021/4/13,111.5,112,6.77,112,111,2412
638,2021/4/12,111.5,111,9.75,112,111,2412
639,2021/4/9,111.5,112,14.5,112,111,2412
640,2021/4/8,112,111,11.7,112.5,111,2412
641,2021/4/7,112,112,12.2,112.5,112,2412
642,2021/4/6,111.5,112,10.4,112,111,2412
643,2021/4/1,111.5,111.5,7.52,112,111,2412
644,2021/3/31,111.5,111.5,16.7,112,111,2412
645,2021/3/30,112,111.5,10.3,112,111,2412
646,2021/3/29,111.5,112,6.99,112,111,2412
647,2021/3/26,111.5,111.5,7.12,111.5,111,2412
648,2021/3/25,111,111.5,8.87,111.5,110.5,2412
649,2021/3/24,111,111,5.81,111,110.5,2412
650,2021/3/23,110.5,111,6.11,111,110.5,2412
651,2021/3/22,110.5,110.5,6.73,110.5,110,2412
652,2021/3/19,110.5,110,19.9,111,110,2412
653,2021/3/18,110.5,111,6.71,111,110.5,2412
654,2021/3/17,110.5,110.5,11.1,111,110,2412
655,2021/3/16,110.5,110.5,6.07,111,110.5,2412
656,2021/3/15,110.5,110.5,5.49,111,110,2412
657,2021/3/12,111,111,3.85,111,110.5,2412
658,2021/3/11,110.5,111,8.59,111,110,2412
659,2021/3/10,110.5,110.5,5.7,111,110,2412
660,2021/3/9,110.5,110.5,6.9,111,110,2412
661,2021/3/8,110.5,110,12.3,111,109.5,2412
662,2021/3/5,109.5,110,8.17,110,109,2412
663,2021/3/4,110,109.5,12.5,110.5,109,2412
664,2021/3/3,110,109.5,15.1,110.5,109.5,2412
665,2021/3/2,110,109.5,9.32,110.5,109.5,2412
666,2021/2/26,110.5,109.5,19.6,111,109,2412
667,2021/2/25,110,110.5,14.9,110.5,109.5,2412
668,2021/2/24,109.5,109.5,9.94,110,109.5,2412
669,2021/2/23,108.5,109.5,12.9,109.5,108.5,2412
670,2021/2/22,109,108.5,10.3,109,108.5,2412
671,2021/2/19,108.5,109,9.62,109,108.5,2412
672,2021/2/18,108.5,108.5,9.99,109,108,2412
673,2021/2/17,109,108.5,14,109,108,2412
674,2021/2/5,108.5,108.5,7.52,109,108,2412
675,2021/2/4,108.5,108,9.35,109,108,2412
676,2021/2/3,108.5,109,8.65,109,108,2412
677,2021/2/2,108.5,109,5.91,109,108.5,2412
678,2021/2/1,108.5,109,11.2,109.5,108,2412
679,2021/1/29,108.5,108,13.5,109,108,2412
680,2021/1/28,109,109,11.4,109.5,108,2412
681,2021/1/27,109,109,9.02,109.5,108.5,2412
682,2021/1/26,109,108.5,8.14,109.5,108.5,2412
683,2021/1/25,108.5,109,9.07,109.5,108.5,2412
684,2021/1/22,109,108.5,9.5,109,108.5,2412
685,2021/1/21,109,108.5,11.8,110,108.5,2412
686,2021/1/20,110.5,109,17.7,111,109,2412
687,2021/1/19,111,111,5.93,111.5,111,2412
688,2021/1/18,111,111,5.91,111.5,111,2412
689,2021/1/15,112,111,8.8,112.5,111,2412
690,2021/1/14,111.5,112,6.99,112,111.5,2412
691,2021/1/13,111,111.5,11.2,111.5,111,2412
692,2021/1/12,111,111,10.3,111.5,110.5,2412
693,2021/1/11,110,111,15.6,111,109.5,2412
694,2021/1/8,109,110,12.6,110,109,2412
695,2021/1/7,109,109,5.94,109.5,109,2412
696,2021/1/6,109,109.5,9.82,109.5,108.5,2412
697,2021/1/5,109,109.5,6.74,109.5,108.5,2412
698,2021/1/4,109,109,8.76,109.5,109,2412
699,2020/12/31,110,109,7.82,110,109,2412
700,2020/12/30,109,110,7.92,110,109,2412
701,2020/12/29,109.5,109,5.15,109.5,108.5,2412
702,2020/12/28,108.5,109.5,8.14,109.5,108.5,2412
703,2020/12/25,108.5,108.5,9.45,109,108,2412
704,2020/12/24,108.5,108,8.23,109,108,2412
705,2020/12/23,109,108.5,10.4,109.5,108,2412
706,2020/12/22,109.5,109,6.16,109.5,109,2412
707,2020/12/21,109.5,109.5,7.41,110,109,2412
708,2020/12/18,109.5,109.5,9.35,109.5,109,2412
709,2020/12/17,109,109.5,6.65,109.5,109,2412
710,2020/12/16,108.5,109.5,8.78,109.5,108.5,2412
711,2020/12/15,108.5,109,6.45,109,108,2412
712,2020/12/14,108.5,108.5,6.14,109,108,2412
713,2020/12/11,108.5,108.5,7.14,108.5,108,2412
714,2020/12/10,108,108.5,5.46,109,108,2412
715,2020/12/9,109,108.5,10.2,109,108,2412
716,2020/12/8,108.5,109.5,6.68,109.5,108.5,2412
717,2020/12/7,109.5,108.5,10.2,109.5,108.5,2412
718,2020/12/4,109.5,109.5,7.4,109.5,109,2412
719,2020/12/3,109,108.5,7.39,109,108.5,2412
720,2020/12/2,108.5,109,9.01,109.5,108.5,2412
721,2020/12/1,108.5,109,6.8,109.5,108.5,2412
722,2020/11/30,109.5,108.5,22.5,110,108.5,2412
723,2020/11/27,109.5,109.5,5.68,110,109,2412
724,2020/11/26,109,109.5,9.4,110,108.5,2412
725,2020/11/25,110,109,7.54,110,108.5,2412
726,2020/11/24,110,109.5,5.41,110,109.5,2412
727,2020/11/23,110,110.5,9.56,110.5,109.5,2412
728,2020/11/20,110,109.5,8.05,110,109,2412
729,2020/11/19,110,110,6.81,110,109.5,2412
730,2020/11/18,110,110,5.98,110,109.5,2412
731,2020/11/17,109,110,9.03,110,108.5,2412
732,2020/11/16,109.5,109.5,7.52,110,109,2412
733,2021/11/12,964,983,44.1,988,956,2454
734,2021/11/11,936,954,37.7,960,936,2454
735,2021/11/10,972,958,34.7,978,958,2454
736,2021/11/9,1000,978,72.5,1000,976,2454
737,2021/11/8,947,980,106,983,944,2454
738,2021/11/5,939,940,36.8,940,927,2454
739,2021/11/4,945,928,29.3,945,926,2454
740,2021/11/3,934,932,28.8,939,929,2454
741,2021/11/2,929,928,27.5,934,919,2454
742,2021/11/1,925,922,27.4,930,917,2454
743,2021/10/29,938,913,51,939,913,2454
744,2021/10/28,942,936,36,947,927,2454
745,2021/10/27,949,942,77.1,958,932,2454
746,2021/10/26,951,946,61.3,952,940,2454
747,2021/10/25,928,938,54.5,944,916,2454
748,2021/10/22,913,926,43.7,926,906,2454
749,2021/10/21,912,913,56,924,903,2454
750,2021/10/20,910,901,41.3,918,901,2454
751,2021/10/19,877,898,61.7,900,872,2454
752,2021/10/18,862,867,52.8,878,860,2454
753,2021/10/15,853,857,55.6,859,847,2454
754,2021/10/14,870,840,76,873,839,2454
755,2021/10/13,891,862,50.4,893,862,2454
756,2021/10/12,907,887,82,908,885,2454
757,2021/10/8,919,910,44.1,925,906,2454
758,2021/10/7,885,911,68.2,914,883,2454
759,2021/10/6,875,871,47.7,890,871,2454
760,2021/10/5,872,867,78.7,878,855,2454
761,2021/10/4,892,892,41.2,899,878,2454
762,2021/10/1,905,885,58.8,905,882,2454
763,2021/9/30,913,905,79.2,915,896,2454
764,2021/9/29,940,913,81.4,943,913,2454
765,2021/9/28,959,957,70.4,969,945,2454
766,2021/9/27,921,959,105,959,921,2454
767,2021/9/24,918,920,44.5,923,912,2454
768,2021/9/23,919,915,48.6,921,905,2454
769,2021/9/22,918,911,77,925,900,2454
770,2021/9/17,940,940,69.6,952,936,2454
771,2021/9/16,930,936,37.6,936,926,2454
772,2021/9/15,943,935,51.2,945,928,2454
773,2021/9/14,932,947,80.5,949,932,2454
774,2021/9/13,918,927,27.9,932,918,2454
775,2021/9/10,903,925,44.6,925,902,2454
776,2021/9/9,903,901,57,908,898,2454
777,2021/9/8,899,912,49,914,895,2454
778,2021/9/7,901,903,33.8,907,897,2454
779,2021/9/6,907,896,76.9,917,895,2454
780,2021/9/3,938,919,55.2,938,917,2454
781,2021/9/2,930,933,54.5,945,927,2454
782,2021/9/1,917,927,86.8,930,906,2454
783,2021/8/31,917,901,69.5,917,885,2454
784,2021/8/30,902,912,39.2,912,898,2454
785,2021/8/27,873,896,49.3,896,873,2454
786,2021/8/26,906,888,88.4,907,870,2454
787,2021/8/25,915,911,41.2,915,900,2454
788,2021/8/24,920,909,33.4,920,903,2454
789,2021/8/23,882,911,48.3,915,882,2454
790,2021/8/20,899,873,49.1,904,870,2454
791,2021/8/19,908,888,50.1,914,882,2454
792,2021/8/18,870,912,54.4,912,865,2454
793,2021/8/17,903,880,50,905,880,2454
794,2021/8/16,910,901,34,918,900,2454
795,2021/8/13,909,910,48.3,916,901,2454
796,2021/8/12,923,904,39.2,923,901,2454
797,2021/8/11,913,910,41.8,916,906,2454
798,2021/8/10,930,922,23.2,930,916,2454
799,2021/8/9,928,921,40.9,928,911,2454
800,2021/8/6,956,936,36.4,957,935,2454
801,2021/8/5,960,961,73.4,964,952,2454
802,2021/8/4,948,950,59.1,953,941,2454
803,2021/8/3,948,938,29.7,948,930,2454
804,2021/8/2,924,934,38.3,934,920,2454
805,2021/7/30,935,910,56.3,937,907,2454
806,2021/7/29,915,933,95.7,935,903,2454
807,2021/7/28,931,890,153,932,887,2454
808,2021/7/27,928,938,81.4,948,924,2454
809,2021/7/26,940,923,46.7,940,920,2454
810,2021/7/23,932,933,42.2,934,924,2454
811,2021/7/22,915,919,39.2,931,915,2454
812,2021/7/21,926,912,46.2,931,906,2454
813,2021/7/20,917,920,29.2,928,915,2454
814,2021/7/19,941,919,66.6,945,915,2454
815,2021/7/16,948,957,57.6,960,941,2454
816,2021/7/15,935,951,70.8,952,930,2454
817,2021/7/14,929,930,31.7,938,925,2454
818,2021/7/13,940,926,67.4,944,926,2454
819,2021/7/12,940,935,53.5,941,930,2454
820,2021/7/9,915,919,47.7,929,911,2454
821,2021/7/8,920,920,60.2,929,914,2454
822,2021/7/7,926,917,49.5,928,917,2454
823,2021/7/6,937,922,66.8,940,920,2454
824,2021/7/5,960,957,72.5,975,957,2454
825,2021/7/2,963,957,45.9,964,953,2454
826,2021/7/1,971,955,53.9,976,948,2454
827,2021/6/30,945,962,103,978,943,2454
828,2021/6/29,942,935,52,949,935,2454
829,2021/6/28,929,935,36.2,935,922,2454
830,2021/6/25,940,927,47.4,952,927,2454
831,2021/6/24,945,929,33.5,947,927,2454
832,2021/6/23,903,941,83.2,941,898,2454
833,2021/6/22,902,903,130,916,890,2454
834,2021/6/21,960,918,110,961,918,2454
835,2021/6/18,980,965,59.2,990,965,2454
836,2021/6/17,978,978,61.4,979,968,2454
837,2021/6/16,995,985,51,995,981,2454
838,2021/6/15,992,989,54.5,1005,985,2454
839,2021/6/11,1005,980,60.3,1010,980,2454
840,2021/6/10,980,998,91.7,1005,977,2454
841,2021/6/9,963,967,38.8,984,963,2454
842,2021/6/8,975,966,34.8,977,966,2454
843,2021/6/7,971,973,52.3,976,948,2454
844,2021/6/4,971,977,39.7,977,966,2454
845,2021/6/3,968,981,58.6,984,965,2454
846,2021/6/2,981,959,70.4,988,957,2454
847,2021/6/1,1005,977,72.8,1015,976,2454
848,2021/5/31,971,995,96.1,1010,959,2454
849,2021/5/28,950,961,73.3,968,938,2454
850,2021/5/27,945,935,88.2,952,931,2454
851,2021/5/26,960,951,56.3,968,947,2454
852,2021/5/25,955,952,84.9,969,947,2454
853,2021/5/24,950,943,57.8,959,938,2454
854,2021/5/21,961,955,133,973,936,2454
855,2021/5/20,938,930,106,949,926,2454
856,2021/5/19,983,943,122,992,943,2454
857,2021/5/18,940,994,160,994,920,2454
858,2021/5/17,880,914,149,937,869,2454
859,2021/5/14,894,895,108,920,888,2454
860,2021/5/13,886,873,150,905,861,2454
861,2021/5/12,900,888,280,919,821,2454
862,2021/5/11,901,911,232,937,898,2454
863,2021/5/10,1015,979,197,1025,979,2454
864,2021/5/7,1055,1060,109,1065,1020,2454
865,2021/5/6,1030,1055,152,1065,1000,2454
866,2021/5/5,1090,1005,154,1100,999,2454
867,2021/5/4,1100,1085,195,1105,1025,2454
868,2021/5/3,1175,1105,300,1175,1080,2454
869,2021/4/29,1185,1185,77.8,1185,1185,2454
870,2021/4/28,1075,1080,97.2,1090,1055,2454
871,2021/4/27,1075,1065,94.2,1100,1055,2454
872,2021/4/26,1070,1070,122,1090,1030,2454
873,2021/4/23,980,1035,115,1035,980,2454
874,2021/4/22,999,984,61.5,1010,984,2454
875,2021/4/21,1010,988,67.2,1010,983,2454
876,2021/4/20,966,998,110,1010,963,2454
877,2021/4/19,985,963,44.7,985,962,2454
878,2021/4/16,990,975,63.3,990,967,2454
879,2021/4/15,971,985,58.3,985,957,2454
880,2021/4/14,965,965,84.2,969,935,2454
881,2021/4/13,973,961,96.4,984,952,2454
882,2021/4/12,997,960,103,1005,956,2454
883,2021/4/9,1025,999,69.3,1030,999,2454
884,2021/4/8,988,1020,82.4,1030,985,2454
885,2021/4/7,1005,998,55.4,1010,988,2454
886,2021/4/6,985,995,125,1010,984,2454
887,2021/4/1,978,961,56.1,985,961,2454
888,2021/3/31,972,969,90.6,984,960,2454
889,2021/3/30,958,971,123,977,941,2454
890,2021/3/29,953,941,93,970,941,2454
891,2021/3/26,951,943,113,955,930,2454
892,2021/3/25,904,949,156,950,896,2454
893,2021/3/24,872,894,63.4,895,866,2454
894,2021/3/23,890,870,76.1,892,870,2454
895,2021/3/22,880,881,63.9,891,872,2454
896,2021/3/19,895,885,69.3,896,880,2454
897,2021/3/18,914,903,42.3,920,903,2454
898,2021/3/17,924,908,55.6,925,902,2454
899,2021/3/16,917,919,62.3,919,906,2454
900,2021/3/15,900,907,62.3,914,900,2454
901,2021/3/12,900,899,75.3,915,892,2454
902,2021/3/11,869,888,84.3,895,865,2454
903,2021/3/10,890,864,83.3,892,860,2454
904,2021/3/9,860,879,82.8,885,854,2454
905,2021/3/8,901,867,88.4,909,866,2454
906,2021/3/5,877,883,93.4,892,870,2454
907,2021/3/4,919,897,113,919,895,2454
908,2021/3/3,915,930,88.4,930,895,2454
909,2021/3/2,920,900,131,939,900,2454
910,2021/2/26,923,896,142,931,896,2454
911,2021/2/25,950,944,75.8,955,930,2454
912,2021/2/24,948,940,80.1,967,940,2454
913,2021/2/23,945,965,81.4,968,932,2454
914,2021/2/22,972,951,73,980,951,2454
915,2021/2/19,971,964,77,975,953,2454
916,2021/2/18,980,978,62.4,987,968,2454
917,2021/2/17,1000,980,118,1010,971,2454
918,2021/2/5,955,950,150,987,950,2454
919,2021/2/4,933,946,124,953,915,2454
920,2021/2/3,947,950,111,959,942,2454
921,2021/2/2,925,931,138,952,920,2454
922,2021/2/1,886,905,122,909,875,2454
923,2021/1/29,889,875,162,903,875,2454
924,2021/1/28,866,869,158,880,863,2454
925,2021/1/27,881,897,103,905,871,2454
926,2021/1/26,914,871,92,922,871,2454
927,2021/1/25,917,910,82.2,925,891,2454
928,2021/1/22,914,917,153,946,908,2454
929,2021/1/21,890,934,162,935,888,2454
930,2021/1/20,885,872,97.8,898,870,2454
931,2021/1/19,861,879,70.1,880,854,2454
932,2021/1/18,850,844,75,851,817,2454
933,2021/1/15,878,850,86,882,842,2454
934,2021/1/14,872,861,101,881,854,2454
935,2021/1/13,855,884,149,899,850,2454
936,2021/1/12,857,846,88.9,868,842,2454
937,2021/1/11,843,851,68,856,835,2454
938,2021/1/8,810,838,110,844,802,2454
939,2021/1/7,794,799,62,808,785,2454
940,2021/1/6,802,792,74.3,814,785,2454
941,2021/1/5,796,797,74.9,804,775,2454
942,2021/1/4,755,792,110,798,752,2454
943,2020/12/31,747,747,34.9,753,742,2454
944,2020/12/30,740,746,42.1,746,735,2454
945,2020/12/29,741,734,34.2,746,734,2454
946,2020/12/28,724,740,78.6,741,723,2454
947,2020/12/25,720,715,15.9,722,712,2454
948,2020/12/24,724,714,24.2,725,714,2454
949,2020/12/23,708,720,38.5,722,705,2454
950,2020/12/22,708,703,46,722,703,2454
951,2020/12/21,698,708,38.2,708,689,2454
952,2020/12/18,704,699,34.6,708,699,2454
953,2020/12/17,703,704,42.8,711,699,2454
954,2020/12/16,711,701,44.3,714,701,2454
955,2020/12/15,702,701,35.9,706,696,2454
956,2020/12/14,706,702,27.6,710,699,2454
957,2020/12/11,720,707,55,722,701,2454
958,2020/12/10,730,709,56.4,730,706,2454
959,2020/12/9,735,734,58.5,746,730,2454
960,2020/12/8,703,730,72.5,731,702,2454
961,2020/12/7,705,704,38.6,708,695,2454
962,2020/12/4,700,705,38.2,707,696,2454
963,2020/12/3,715,700,49.5,715,698,2454
964,2020/12/2,706,712,63.2,717,695,2454
965,2020/12/1,700,697,59.7,708,693,2454
966,2020/11/30,711,704,101,718,703,2454
967,2020/11/27,725,725,25.5,731,721,2454
968,2020/11/26,733,730,26.8,737,725,2454
969,2020/11/25,746,724,52.5,748,724,2454
970,2020/11/24,752,742,43,752,734,2454
971,2020/11/23,754,743,53.2,758,738,2454
972,2020/11/20,732,747,86.6,754,723,2454
973,2020/11/19,732,733,67.2,738,727,2454
974,2020/11/18,702,728,153,728,701,2454
975,2020/11/17,701,696,45.6,703,691,2454
976,2020/11/16,685,694,43.6,695,681,2454
977,2021/11/12,101.5,102.5,1.88,103,101.5,6505
978,2021/11/11,102,102,2.43,102.5,100,6505
979,2021/11/10,102,102.5,2.33,103,101.5,6505
980,2021/11/9,102,101.5,1.72,102.5,100.5,6505
981,2021/11/8,102,102,2.47,103,101.5,6505
982,2021/11/5,100.5,102,3.51,102.5,100,6505
983,2021/11/4,101,101.5,2.09,102,100.5,6505
984,2021/11/3,102,102,3.78,102.5,100.5,6505
985,2021/11/2,102,102.5,4.43,104,101,6505
986,2021/11/1,100.5,101.5,2.72,102,100.5,6505
987,2021/10/29,102,100,3.04,102,100,6505
988,2021/10/28,103.5,102,3.7,104,101.5,6505
989,2021/10/27,103.5,104,2,104,102.5,6505
990,2021/10/26,104,103.5,6.34,104,102.5,6505
991,2021/10/25,102.5,103.5,3.55,104,102,6505
992,2021/10/22,102.5,101.5,3.2,103,101,6505
993,2021/10/21,104.5,103.5,3.86,105,103.5,6505
994,2021/10/20,106,104,3.79,106,103,6505
995,2021/10/19,106,104.5,5.12,106,104,6505
996,2021/10/18,104,105,6.31,106,103.5,6505
997,2021/10/15,101.5,103,3.88,103.5,100.5,6505
998,2021/10/14,104,101,3.96,104,100,6505
999,2021/10/13,102.5,103,7.06,105,102.5,6505
1000,2021/10/12,101,102,4.72,102.5,100,6505
1001,2021/10/8,102.5,101.5,4.31,103,99.8,6505
1002,2021/10/7,101,102,8,103,100,6505
1003,2021/10/6,101.5,101.5,10.9,101.5,98.4,6505
1004,2021/10/5,98.5,98.9,13.5,100.5,98,6505
1005,2021/10/4,99,97.4,4.54,99.7,96.9,6505
1006,2021/10/1,99,96.8,8.72,99,95,6505
1007,2021/9/30,104,99.2,9.66,104.5,99,6505
1008,2021/9/29,100,102,25.7,106,100,6505
1009,2021/9/28,96.7,99.7,5.98,99.8,96.5,6505
1010,2021/9/27,95,96.6,9.37,97.2,94.2,6505
1011,2021/9/24,95.1,95,3.52,96.5,93.9,6505
1012,2021/9/23,93.9,94.5,2.67,95.3,93.5,6505
1013,2021/9/22,94.4,92.8,5.04,94.7,92.5,6505
1014,2021/9/17,97.6,95.7,4.21,97.7,95.7,6505
1015,2021/9/16,98.3,97.5,2.08,99.4,97.1,6505
1016,2021/9/15,98.1,97.3,1.89,98.3,96.8,6505
1017,2021/9/14,97.6,98,2.25,98.3,97.5,6505
1018,2021/9/13,97.2,97.3,0.99,97.3,96.2,6505
1019,2021/9/10,95.4,96.6,1.55,97.3,95.4,6505
1020,2021/9/9,95.1,96,2.59,96.8,94.5,6505
1021,2021/9/8,96.4,95.7,2.76,97.4,95.1,6505
1022,2021/9/7,96.5,96.3,1.04,97.3,96.1,6505
1023,2021/9/6,97.6,96.6,1.08,98,96.5,6505
1024,2021/9/3,97.2,97.7,3.05,97.8,96.6,6505
1025,2021/9/2,96.5,96.2,1.17,96.7,95.5,6505
1026,2021/9/1,96.6,96.7,2.04,97.6,96.6,6505
1027,2021/8/31,98.5,97.8,3.54,98.5,96.5,6505
1028,2021/8/30,96.6,98.5,3.74,98.5,96.5,6505
1029,2021/8/27,95.4,96.3,2.23,96.6,94.8,6505
1030,2021/8/26,94.2,95.4,6.46,96.1,93,6505
1031,2021/8/25,95.2,94.6,1.94,95.7,93.7,6505
1032,2021/8/24,93.9,95,3.76,95.7,93.4,6505
1033,2021/8/23,91.9,92.8,2.61,93.4,91.1,6505
1034,2021/8/20,91.2,91.3,3.18,92.2,90.3,6505
1035,2021/8/19,93.6,91.1,7.16,94.1,90.6,6505
1036,2021/8/18,95,94.4,2.74,95,93.6,6505
1037,2021/8/17,95.6,95.3,1.83,96.2,95,6505
1038,2021/8/16,95.1,95.5,1.77,96.6,95.1,6505
1039,2021/8/13,96.7,96.5,2.18,97,95.3,6505
1040,2021/8/12,97.4,96.9,1.33,97.9,96.8,6505
1041,2021/8/11,96.5,97.4,2.19,97.4,96.4,6505
1042,2021/8/10,96,96.5,1.68,96.8,95.7,6505
1043,2021/8/9,95.8,96.7,3.58,97.2,94.6,6505
1044,2021/8/6,97,96.8,3.51,97,95.4,6505
1045,2021/8/5,97.5,97,3.26,97.9,96.6,6505
1046,2021/8/4,97.9,97.5,2.93,98.2,97,6505
1047,2021/8/3,98.2,97.9,4.35,98.7,96.8,6505
1048,2021/8/2,97.8,99.7,3.52,99.7,97.3,6505
1049,2021/7/30,98.7,97.3,6.2,98.9,97.1,6505
1050,2021/7/29,98.5,99,2.4,99,97.4,6505
1051,2021/7/28,98.7,98.5,6.35,99.8,96.5,6505
1052,2021/7/27,98.3,98.3,4.05,99.7,97.4,6505
1053,2021/7/26,100.5,97.8,8.38,100.5,97.1,6505
1054,2021/7/23,101,100.5,5.08,103.5,100,6505
1055,2021/7/22,101,100.5,3.19,101.5,99.1,6505
1056,2021/7/21,101,100.5,5.61,101.5,98.6,6505
1057,2021/7/20,101,100,2.96,101.5,100,6505
1058,2021/7/19,102,102,3.79,102,100.5,6505
1059,2021/7/16,105.5,102,4.66,105.5,102,6505
1060,2021/7/15,105.5,105.5,1.97,106,104,6505
1061,2021/7/14,107.5,106,1.58,107.5,105.5,6505
1062,2021/7/13,107,106.5,2.19,107.5,106,6505
1063,2021/7/12,109,107,2.87,110,106.5,6505
1064,2021/7/9,108,110,2.89,110,106.5,6505
1065,2021/7/8,111.5,109,3.04,111.5,108.5,6505
1066,2021/7/7,112,112,3.48,112.5,109,6505
1067,2021/7/6,117,114.5,3.63,117.5,114,6505
1068,2021/7/5,112.5,115.5,8.2,117,112.5,6505
1069,2021/7/2,107.5,110,8.23,112,107.5,6505
1070,2021/7/1,106.5,106,2.21,106.5,105.5,6505
1071,2021/6/30,108,106.5,1.5,108.5,106.5,6505
1072,2021/6/29,108,108,2.71,108.5,106,6505
1073,2021/6/28,110,108.5,1.14,110.5,108.5,6505
1074,2021/6/25,108,109,3.21,110.5,108,6505
1075,2021/6/24,110,109.5,2.25,110,108,6505
1076,2021/6/23,105,110,5.15,111,105,6505
1077,2021/6/22,105.5,106,2.41,107,105.5,6505
1078,2021/6/21,104.5,103.5,3.42,105.5,102,6505
1079,2021/6/18,107,104.5,5.88,107,104,6505
1080,2021/6/17,109,108.5,2.96,110,108,6505
1081,2021/6/16,110,111.5,5.55,112,109,6505
1082,2021/6/15,108.5,108.5,2.31,110,108.5,6505
1083,2021/6/11,109.5,108,1.42,109.5,107.5,6505
1084,2021/6/10,110,109.5,2.91,110,108.5,6505
1085,2021/6/9,108,110,4.75,110,107.5,6505
1086,2021/6/8,107.5,107.5,4.58,109,106.5,6505
1087,2021/6/7,108,106.5,3.92,108.5,105,6505
1088,2021/6/4,104.5,106.5,4.04,108,104,6505
1089,2021/6/3,108.5,106,6.08,109,105,6505
1090,2021/6/2,104,106,6.43,106,104,6505
1091,2021/6/1,101.5,102,2.4,102.5,101,6505
1092,2021/5/31,98.1,100,1.75,100.5,98.1,6505
1093,2021/5/28,98.1,98.8,2.62,99.5,97.6,6505
1094,2021/5/27,99.1,97.2,5.86,100,96.9,6505
1095,2021/5/26,100,100.5,1.89,100.5,99,6505
1096,2021/5/25,97.5,99.5,2.49,100.5,97.3,6505
1097,2021/5/24,97.5,97.5,1.11,98.1,97.1,6505
1098,2021/5/21,97.5,98.2,2.71,100.5,96.5,6505
1099,2021/5/20,96.6,97.3,4.2,98.2,95.2,6505
1100,2021/5/19,97.1,98.1,4.02,100.5,97.1,6505
1101,2021/5/18,94.9,99,3.73,99.8,94.9,6505
1102,2021/5/17,96,95.4,4.6,97,94.7,6505
1103,2021/5/14,94.1,96.7,4.44,98.1,93,6505
1104,2021/5/13,98.5,95,7.36,98.5,94.5,6505
1105,2021/5/12,104.5,97.7,11,106,94,6505
1106,2021/5/11,107,104,11.2,109,102.5,6505
1107,2021/5/10,105,107.5,4.4,108,104.5,6505
1108,2021/5/7,107,105,7.07,108.5,102.5,6505
1109,2021/5/6,104,108.5,16,108.5,104,6505
1110,2021/5/5,102,104,3.78,104.5,101,6505
1111,2021/5/4,102.5,101,11.9,105,100.5,6505
1112,2021/5/3,102.5,102,2.86,103.5,102,6505
1113,2021/4/29,102,103.5,4.26,104,101.5,6505
1114,2021/4/28,102.5,103,3.94,103,101.5,6505
1115,2021/4/27,102,103,2.77,103,101.5,6505
1116,2021/4/26,101.5,102.5,3.3,103,101.5,6505
1117,2021/4/23,101,102.5,4.58,102.5,99.8,6505
1118,2021/4/22,99.1,101,6.25,101.5,99.1,6505
1119,2021/4/21,101.5,99,8.63,102,98.2,6505
1120,2021/4/20,102.5,103,3.96,103,102,6505
1121,2021/4/19,102,103,6.22,103,102,6505
1122,2021/4/16,101,102,4.02,102.5,100.5,6505
1123,2021/4/15,100.5,101.5,5.01,102,100.5,6505
1124,2021/4/14,99.6,99.2,4.72,101,98.8,6505
1125,2021/4/13,98.6,100,8.17,101,98.6,6505
1126,2021/4/12,97.4,98.2,5.09,98.4,96.5,6505
1127,2021/4/9,97.5,98,2.55,98.2,97.1,6505
1128,2021/4/8,97.3,98.2,2.96,98.4,97.3,6505
1129,2021/4/7,96.7,98,3.33,98.2,96.7,6505
1130,2021/4/6,97.4,97.4,3.88,98,96.5,6505
1131,2021/4/1,96.8,96.7,2.42,97.8,96.3,6505
1132,2021/3/31,96.6,96.8,4.48,97.3,96.1,6505
1133,2021/3/30,97,96.6,3.86,97.2,95.8,6505
1134,2021/3/29,97.6,96.6,4.14,98.2,96.6,6505
1135,2021/3/26,95.6,96.8,4.09,97.3,95.5,6505
1136,2021/3/25,95.3,95.6,3.94,96.1,94.1,6505
1137,2021/3/24,95.7,95.4,3.25,96.7,94.8,6505
1138,2021/3/23,96.5,96.1,1.63,96.9,96,6505
1139,2021/3/22,95,96.3,2.47,96.8,94.5,6505
1140,2021/3/19,96.9,95.8,8.34,97.2,94.8,6505
1141,2021/3/18,98.3,98.2,4.06,100,97.6,6505
1142,2021/3/17,100,98.2,5.49,100,97.8,6505
1143,2021/3/16,100,100.5,2.33,100.5,98.8,6505
1144,2021/3/15,100.5,100.5,1.72,101,100,6505
1145,2021/3/12,101.5,101.5,3.47,101.5,100,6505
1146,2021/3/11,102,103,4.56,103,101.5,6505
1147,2021/3/10,101.5,101.5,3.04,101.5,100,6505
1148,2021/3/9,102.5,101.5,4.24,103,100.5,6505
1149,2021/3/8,101.5,102.5,7.12,103,100.5,6505
1150,2021/3/5,99.5,99,5.33,100.5,98.5,6505
1151,2021/3/4,99.5,99.8,8.1,100.5,97.7,6505
1152,2021/3/3,96.2,100,9.32,101,96.2,6505
1153,2021/3/2,100,97,6.32,101,97,6505
1154,2021/2/26,100.5,100,10.9,101.5,98.1,6505
1155,2021/2/25,103,102.5,6.07,103,102,6505
1156,2021/2/24,102,100.5,6.3,103,99.8,6505
1157,2021/2/23,98.8,103,9.21,103,98.7,6505
1158,2021/2/22,97.6,98.2,3.64,99,97,6505
1159,2021/2/19,96.7,97,5.62,97.6,95.2,6505
1160,2021/2/18,96,96.6,4.8,97.7,96,6505
1161,2021/2/17,93.5,95.8,9.74,96.5,92,6505
1162,2021/2/5,91.2,91.9,8.23,92.5,90.9,6505
1163,2021/2/4,90.4,91.2,1.49,91.9,90.4,6505
1164,2021/2/3,91.1,91.7,2.52,92,90.3,6505
1165,2021/2/2,88.6,91.4,3.63,92.6,88.4,6505
1166,2021/2/1,89.1,90,2.27,90.5,88.4,6505
1167,2021/1/29,90.2,89.1,6.31,92,88.5,6505
1168,2021/1/28,92.3,91.4,3.93,93.2,90.8,6505
1169,2021/1/27,94.5,94,2.99,95.3,93.7,6505
1170,2021/1/26,95.5,93.7,4.31,95.6,92.9,6505
1171,2021/1/25,94.5,95.9,2.36,95.9,93.8,6505
1172,2021/1/22,97.5,94.5,3.31,97.5,94.4,6505
1173,2021/1/21,96,96.2,2.78,96.9,95.3,6505
1174,2021/1/20,97.9,95.2,6.84,98.5,95.2,6505
1175,2021/1/19,97.6,99.2,3.38,99.5,97.1,6505
1176,2021/1/18,98.6,98,3.45,99,96.6,6505
1177,2021/1/15,101.5,99.1,5.22,102,99,6505
1178,2021/1/14,102,102,2.11,102,100.5,6505
1179,2021/1/13,102,102,5.4,102,100,6505
1180,2021/1/12,101,101,4.23,101,99.6,6505
1181,2021/1/11,103,102,4.62,103.5,100.5,6505
1182,2021/1/8,100.5,104,8.18,104,100.5,6505
1183,2021/1/7,100.5,100,3.54,101,99.9,6505
1184,2021/1/6,98.3,99.5,6.29,100.5,98.3,6505
1185,2021/1/5,100,99.2,4.97,100,98.2,6505
1186,2021/1/4,99.4,100,4.98,100.5,97.6,6505
1187,2020/12/31,99.8,99.8,7.64,101,98.2,6505
1188,2020/12/30,95.9,98.5,7.74,99,95.5,6505
1189,2020/12/29,95.5,95.4,1.48,95.6,94.5,6505
1190,2020/12/28,94.2,95.4,3.64,95.5,93.7,6505
1191,2020/12/25,94.5,94.2,1.57,94.8,93.5,6505
1192,2020/12/24,94,94.5,1.47,94.5,93.5,6505
1193,2020/12/23,93,93.4,3.17,94,92.4,6505
1194,2020/12/22,94.1,93.5,3.32,94.8,93.5,6505
1195,2020/12/21,92.9,94.9,3.53,95,92.4,6505
1196,2020/12/18,93.5,92.8,3.65,94.8,92.8,6505
1197,2020/12/17,94.8,94,3.65,95,93.5,6505
1198,2020/12/16,93.5,94.7,6.08,95.5,93.1,6505
1199,2020/12/15,93.7,93,3.53,94.4,92.3,6505
1200,2020/12/14,94.4,94.5,2.27,94.6,93.5,6505
1201,2020/12/11,93.6,94.4,3.35,94.4,93.5,6505
1202,2020/12/10,93.7,93.2,2.8,94.6,93,6505
1203,2020/12/9,93.3,94.3,3.26,94.9,92.7,6505
1204,2020/12/8,92.7,92.9,3.2,93.2,92.3,6505
1205,2020/12/7,95,93.9,3.49,95,93.6,6505
1206,2020/12/4,93.5,94.9,5.6,95,93,6505
1207,2020/12/3,92.5,92.8,2.67,93.6,92.1,6505
1208,2020/12/2,92,92.9,3.66,93,91.5,6505
1209,2020/12/1,91.1,92.7,3.59,92.9,90.5,6505
1210,2020/11/30,94.5,90.5,10.5,94.9,90.5,6505
1211,2020/11/27,94.8,94.5,2.79,95.2,93.9,6505
1212,2020/11/26,96,95.6,3.44,96.1,94.8,6505
1213,2020/11/25,96.3,95.2,4.61,96.5,94.9,6505
1214,2020/11/24,95,94.8,4.55,96.5,94.7,6505
1215,2020/11/23,94.9,94.7,6.89,96.6,94.1,6505
1216,2020/11/20,93.8,93.9,3.44,94,93,6505
1217,2020/11/19,93,94,3.79,94,92.4,6505
1218,2020/11/18,92.5,93.3,6.42,93.8,92.1,6505
1219,2020/11/17,92.2,92.5,6.2,92.7,91.8,6505
1220,2020/11/16,91.7,92.2,6.14,93,91.7,6505